id,amd,intel,radius
5571,259,284,0.25
4339,205,169,0.26
4397,208,430,0.1
4088,195,504,0.16
1612,99,417,0.17
4559,216,199,0.34
3352,163,87,0.77
5732,265,78,0.85
2008,114,343,0.36
3492,169,477,0.21
5034,236,529,0.68
333,48,123,0.39
622,62,78,0.29
2387,128,574,0.29
5837,269,556,0.14
5866,270,523,0.25
3459,168,194,0.24
5081,238,584,0.18
3105,154,285,0.33
5040,236,161,0.14
2370,127,101,0.68
879,71,154,0.83
247,45,107,0.17
4623,219,399,0.2
3929,187,171,0.12
3815,182,420,0.28
3207,158,497,0.18
4697,223,435,0.34
1671,102,271,0.76
5515,257,299,0.29
691,64,362,0.12
3630,175,202,0.16
5194,244,32,0.28
2623,137,354,0.33
1942,111,142,0.14
1108,79,357,0.75
3826,183,342,0.34
3167,156,267,0.35
598,60,357,0.22
1765,105,488,0.12
315,47,352,0.26
2715,140,84,0.72
4169,199,126,0.4
149,39,398,0.19
5162,242,80,0.19
4651,221,545,0.14
290,46,464,0.34
453,53,396,0.16
1420,91,164,0.34
4902,232,88,0.88
5448,254,445,0.33
5247,247,375,0.29
1873,109,97,0.82
3491,169,499,0.21
4077,194,406,0.26
3958,189,205,0.34
4680,222,358,0.15
4628,219,581,0.26
3674,176,110,0.28
2388,128,330,0.35
1209,83,279,0.6
4376,207,329,0.23
808,68,365,0.13
4897,231,205,0.24
2617,137,42,0.15
742,66,80,0.18
2706,140,208,0.2
5509,256,400,0.13
4604,218,462,0.39
2227,122,256,0.22
5098,239,84,0.71
1608,99,506,0.23
1323,87,501,0.17
1595,99,97,0.62
349,49,137,0.23
5429,253,356,0.32
5091,238,24,0.38
3692,177,298,0.39
381,50,149,0.33
4269,203,455,0.35
3471,169,82,0.37
3653,176,99,0.32
422,51,165,0.29
4998,235,302,0.11
5347,250,413,0.25
4985,235,545,0.34
3573,173,338,0.74
5286,248,563,0.89
124,37,423,0.25
102,35,427,0.12
4894,231,74,0.82
4446,211,529,0.11
2579,135,362,0.16
2299,125,250,0.36
486,54,245,0.35
3694,177,187,0.39
2264,124,352,0.18
1533,96,181,0.16
135,38,535,0.25
3313,162,150,0.17
3246,160,126,0.28
5114,239,220,0.38
2114,118,331,0.29
1728,104,416,0.35
4148,199,214,0.39
1022,77,267,0.84
1919,111,110,0.77
4870,230,213,0.24
2333,126,461,0.23
1941,111,97,0.63
1562,97,409,0.15
3690,177,570,0.28
1564,97,489,0.33
4367,206,419,0.15
2718,140,513,0.84
3628,175,298,0.25
2412,129,301,0.28
144,39,233,0.12
380,50,148,0.15
4690,223,545,0.37
1438,92,428,0.19
3366,164,577,0.1
121,36,495,0.28
1789,106,447,0.11
611,61,175,0.3
730,66,208,0.27
2338,126,553,0.24
418,51,244,0.23
4966,234,473,0.3
5813,268,323,0.31
1302,86,67,0.24
2559,134,444,0.19
1344,88,442,0.36
5635,261,539,0.12
5789,267,563,0.33
3194,157,361,0.6
5800,267,15,0.26
248,45,116,0.12
1074,78,21,0.33
4054,193,403,0.22
447,53,59,0.23
4472,212,278,0.18
4702,223,126,0.24
1272,85,77,0.33
2292,125,39,0.4
4815,228,416,0.17
2275,124,342,0.35
3570,172,519,0.25
1002,76,552,0.38
4080,194,97,0.29
2519,133,520,0.9
3484,169,426,0.38
3381,165,82,0.74
5909,273,386,0.26
1554,97,340,0.32
414,51,269,0.14
752,66,151,0.61
1760,105,176,0.25
1741,104,511,0.72
654,63,132,0.39
812,69,329,0.63
4586,217,315,0.28
1780,106,302,0.29
5663,262,550,0.21
5980,280,305,0.19
4605,218,145,0.29
1881,110,111,0.86
589,60,256,0.66
4283,204,295,0.13
5841,269,166,0.29
1818,107,422,0.27
1620,100,115,0.78
4962,234,105,0.36
2860,145,354,0.28
4059,193,79,0.9
1027,77,71,0.4
5395,252,547,0.64
1902,110,499,0.3
4788,227,105,0.19
2855,145,563,0.39
2876,145,108,0.3
208,43,390,0.13
4074,194,113,0.31
5128,240,481,0.15
425,51,328,0.27
4253,203,87,0.84
2858,145,574,0.14
5669,262,572,0.18
1973,112,513,0.8
5290,248,416,0.35
110,35,447,0.26
3094,153,448,0.12
3290,162,277,0.11
2805,143,217,0.17
1225,83,163,0.27
1186,82,243,0.15
4553,215,158,0.38
5724,264,138,0.19
5415,253,89,0.73
2689,139,472,0.17
1616,99,86,0.1
4984,235,548,0.31
3593,173,451,0.22
2018,114,450,0.23
5462,254,581,0.29
1623,100,80,0.14
1046,77,323,0.2
1487,95,78,0.14
437,52,262,0.17
2794,143,333,0.35
1219,83,228,0.16
4405,208,90,0.18
107,35,371,0.26
2902,146,55,0.26
29,28,304,0.2
3090,153,437,0.37
2456,131,533,0.69
907,73,265,0.23
1566,97,52,0.68
5002,235,563,0.71
751,66,152,0.63
4236,202,302,0.25
584,59,353,0.1
5836,269,211,0.29
4012,191,408,0.14
4447,211,84,0.63
5014,235,411,0.24
4149,199,466,0.33
3869,184,366,0.23
893,72,209,0.12
3919,187,543,0.27
4302,204,433,0.23
4209,201,342,0.2
1617,99,85,0.28
2763,142,392,0.69
5894,271,417,0.34
3897,186,525,0.7
179,41,353,0.4
3161,156,328,0.34
3034,151,114,0.29
3494,169,86,0.77
2153,119,442,0.27
994,76,450,0.27
3509,170,232,0.19
3153,155,58,0.23
3773,180,457,0.28
2002,113,68,0.62
3441,167,520,0.84
90,34,250,0.19
4575,217,56,0.4
3518,170,302,0.83
1193,82,521,0.24
2145,119,564,0.4
624,62,62,0.2
69,31,528,0.21
3646,175,490,0.24
2313,125,487,0.25
3513,170,507,0.31
2447,130,513,0.77
1242,84,562,0.34
764,67,182,0.23
293,47,47,0.25
3608,174,571,0.28
445,52,528,0.7
468,53,513,0.12
1672,102,147,0.37
1042,77,342,0.75
432,52,116,0.22
1057,78,567,0.17
4075,194,134,0.19
4727,224,422,0.29
5012,235,435,0.12
577,59,511,0.23
3240,159,477,0.16
245,45,56,0.39
4204,201,528,0.81
367,49,320,0.25
2457,131,530,0.8
5670,262,475,0.14
5531,257,586,0.34
2864,145,197,0.21
4541,215,208,0.13
3268,161,465,0.32
5520,257,449,0.25
5897,272,444,0.22
2063,116,472,0.37
2357,127,459,0.1
4486,212,514,0.87
2687,139,507,0.36
555,58,442,0.23
3422,167,59,0.3
5424,253,121,0.25
1926,111,518,0.73
4129,198,82,0.81
2302,125,210,0.31
1983,113,36,0.19
2893,146,479,0.29
1666,102,43,0.17
4166,199,495,0.11
5604,261,196,0.4
151,39,456,0.21
5447,254,261,0.16
2879,146,161,0.4
3731,178,185,0.27
1543,96,158,0.29
4228,202,190,0.19
5769,266,475,0.21
1513,95,60,0.74
3715,177,336,0.29
3703,177,80,0.77
2513,132,460,0.22
4882,231,63,0.15
5291,248,377,0.14
3085,153,179,0.13
748,66,48,0.68
2829,144,218,0.31
3065,152,104,0.38
996,76,82,0.16
5833,268,392,0.33
3045,152,83,0.62
2236,122,134,0.32
3103,154,291,0.18
1992,113,450,0.1
5471,255,109,0.11
2857,145,575,0.19
491,54,41,0.72
4351,206,516,0.77
5660,262,448,0.27
1103,79,21,0.4
471,53,41,0.74
2985,149,405,0.33
2465,131,328,0.25
4694,223,294,0.32
807,68,333,0.81
5691,263,491,0.23
3392,165,270,0.71
1297,86,515,0.26
896,72,169,0.12
6007,282,298,0.11
3454,168,570,0.16
5731,265,156,0.23
4336,205,22,0.23
354,49,562,0.37
251,45,537,0.2
185,42,549,0.24
2677,139,350,0.31
2195,121,321,0.17
3336,163,529,0.9
2484,131,125,0.12
227,44,170,0.38
2781,142,271,0.67
3805,182,84,0.64
1192,82,514,0.27
1033,77,402,0.17
3077,153,379,0.8
5261,248,89,0.13
5480,255,234,0.3
3450,168,345,0.8
5326,249,23,0.24
4584,217,89,0.74
2233,122,443,0.31
2240,122,22,0.19
3861,184,443,0.23
3787,181,83,0.61
292,47,55,0.18
5183,243,184,0.3
549,57,490,0.26
1507,95,67,0.15
5389,251,545,0.26
1144,81,73,0.19
2900,146,165,0.27
1086,79,531,0.23
4901,232,485,0.37
5044,236,142,0.37
4233,202,394,0.34
2251,123,460,0.14
1351,88,168,0.39
3908,186,379,0.25
1611,99,109,0.73
1726,104,189,0.17
3757,179,79,0.6
3169,156,225,0.38
4046,192,477,0.14
4144,198,24,0.34
5227,246,504,0.61
1119,80,562,0.18
3357,163,512,0.62
5110,239,473,0.2
1090,79,185,0.25
1700,103,328,0.19
5942,277,57,0.1
5677,262,399,0.68
3639,175,416,0.29
932,74,265,0.69
613,61,182,0.31
3307,162,334,0.23
2115,118,340,0.26
1740,104,277,0.6
1172,82,311,0.65
4774,226,44,0.1
4292,204,193,0.38
1729,104,417,0.15
5920,274,361,0.37
5427,253,584,0.38
505,55,377,0.14
3783,181,459,0.34
5028,236,508,0.74
272,46,150,0.11
2488,131,553,0.89
4532,214,458,0.26
2144,119,520,0.65
5981,280,305,0.39
2229,122,490,0.29
701,65,184,0.28
3856,184,225,0.24
3611,174,224,0.2
106,35,368,0.36
5338,250,537,0.84
5902,272,157,0.19
3039,151,316,0.38
5015,236,518,0.73
2087,117,250,0.4
1175,82,336,0.61
952,74,77,0.33
4674,222,487,0.24
3014,150,70,0.74
3614,174,272,0.86
4657,221,473,0.27
1024,77,351,0.67
1732,104,488,0.28
3193,157,405,0.23
416,51,210,0.24
2377,128,276,0.71
1393,90,552,0.38
2910,147,290,0.69
564,58,206,0.12
478,54,503,0.4
3698,177,504,0.16
142,39,360,0.26
5397,252,577,0.69
4663,222,321,0.35
1163,81,21,0.35
2330,126,238,0.14
605,61,287,0.68
5878,271,445,0.23
2850,145,79,0.9
497,55,59,0.19
1371,89,491,0.23
4048,193,103,0.27
3409,166,500,0.2
5412,252,322,0.17
721,65,363,0.35
1097,79,390,0.16
1025,77,444,0.34
5325,249,21,0.16
4766,226,569,0.34
5241,246,341,0.14
3247,160,59,0.14
3947,188,387,0.28
4848,229,157,0.39
4730,225,51,0.37
2653,138,209,0.34
3941,188,99,0.3
2406,129,525,0.14
336,48,354,0.25
5274,248,553,0.85
3149,155,364,0.81
3997,190,80,0.76
5365,250,544,0.38
2314,125,376,0.1
5119,240,511,0.63
1374,89,442,0.22
1161,81,67,0.27
2845,144,455,0.12
724,66,275,0.78
765,67,385,0.34
286,46,234,0.17
307,47,403,0.28
2197,121,205,0.25
4684,222,223,0.38
5455,254,142,0.25
5814,268,561,0.39
2252,123,490,0.17
5101,239,105,0.15
2840,144,116,0.36
71,31,541,0.19
1586,98,424,0.26
711,65,380,0.12
3733,178,457,0.17
1020,76,366,0.21
1360,89,121,0.79
3693,177,186,0.29
2446,130,421,0.19
737,66,227,0.26
1561,97,440,0.2
5026,236,384,0.38
1632,100,312,0.13
5590,260,287,0.37
3982,190,82,0.67
3074,153,291,0.65
1095,79,378,0.33
2245,123,367,0.81
5643,261,167,0.39
5340,250,497,0.73
3937,188,88,0.62
978,75,413,0.39
2633,137,88,0.62
5196,244,206,0.24
2548,134,545,0.21
2163,120,519,0.74
5299,248,32,0.38
344,48,188,0.71
2209,121,513,0.77
911,73,342,0.85
4437,210,450,0.34
47,29,325,0.39
5827,268,30,0.13
5212,245,409,0.11
443,52,21,0.2
3705,177,89,0.64
3800,181,135,0.34
2503,132,362,0.16
2981,149,317,0.27
1916,110,525,0.23
6019,285,65,0.38
5031,236,250,0.3
1471,94,204,0.2
3119,154,188,0.17
1055,78,64,0.31
848,70,385,0.12
5869,270,537,0.1
4578,217,550,0.13
3063,152,88,0.68
4808,228,514,0.74
5626,261,470,0.26
4294,204,263,0.3
4290,204,163,0.18
3303,162,326,0.17
1831,108,147,0.27
776,67,93,0.21
5697,263,108,0.39
183,42,563,0.35
5228,246,329,0.12
4112,196,47,0.36
3361,164,289,0.74
2173,120,426,0.12
734,66,187,0.14
2083,117,309,0.26
3520,170,449,0.28
3816,182,500,0.33
2053,116,566,0.32
485,54,209,0.24
1176,82,72,0.19
452,53,454,0.19
3708,177,273,0.9
4610,218,370,0.2
30,28,288,0.14
789,68,91,0.23
3176,156,446,0.21
5826,268,151,0.15
1109,79,566,0.15
100,35,439,0.22
3994,190,390,0.14
5434,254,529,0.13
3187,157,206,0.27
5888,271,486,0.24
4174,199,137,0.39
4510,213,108,0.3
4260,203,495,0.36
2644,138,280,0.82
861,70,293,0.14
1520,96,484,0.39
903,72,555,0.3
2057,116,335,0.22
109,35,436,0.1
3770,180,182,0.32
1354,88,361,0.66
5050,236,282,0.23
2787,142,523,0.15
4383,207,472,0.37
3038,151,269,0.62
3547,171,82,0.69
5885,271,444,0.29
2094,117,96,0.84
2402,128,481,0.39
2954,148,382,0.71
1962,112,313,0.13
4327,205,318,0.38
3195,157,521,0.84
5659,262,450,0.4
3910,186,519,0.65
1094,79,376,0.22
1121,80,173,0.19
1745,104,282,0.1
2927,147,88,0.84
809,68,312,0.29
5984,280,397,0.21
2471,131,185,0.1
5932,275,67,0.14
4220,201,272,0.18
5341,250,518,0.71
4608,218,580,0.18
5674,262,173,0.14
1485,95,127,0.82
2284,124,94,0.81
1630,100,340,0.27
4264,203,297,0.24
2865,145,444,0.13
5336,250,567,0.74
2259,123,271,0.83
1699,103,563,0.36
1204,83,124,0.9
5649,262,63,0.26
1777,106,145,0.35
5974,280,339,0.27
1654,101,326,0.22
4763,226,522,0.81
5991,281,54,0.38
3154,155,474,0.29
829,69,487,0.29
1786,106,314,0.14
2458,131,520,0.84
438,52,206,0.13
627,62,197,0.19
1370,89,428,0.16
4476,212,366,0.32
925,73,120,0.15
3688,177,446,0.38
5428,253,591,0.39
3429,167,461,0.35
3023,151,326,0.15
3585,173,456,0.37
1173,82,324,0.72
4912,232,506,0.84
2318,126,173,0.11
944,74,240,0.22
5072,237,373,0.11
5656,262,545,0.11
12,25,392,0.19
1117,80,470,0.29
4379,207,248,0.34
2576,135,328,0.13
5344,250,583,0.28
642,63,122,0.21
1893,110,357,0.19
2807,143,238,0.11
1477,94,370,0.73
3706,177,114,0.25
2103,118,69,0.71
2473,131,452,0.17
5507,256,375,0.35
3418,166,462,0.27
2600,136,238,0.37
2104,118,60,0.89
3439,167,405,0.11
653,63,513,0.32
429,52,134,0.36
1559,97,162,0.24
2997,150,145,0.18
2535,133,459,0.34
5567,259,587,0.25
3443,167,152,0.2
1535,96,247,0.4
838,70,529,0.29
1087,79,534,0.16
3806,182,291,0.88
2771,142,205,0.12
1657,101,411,0.39
1345,88,524,0.22
4168,199,111,0.35
856,70,367,0.15
1894,110,315,0.2
2351,127,361,0.23
1662,101,72,0.14
4173,199,130,0.19
3980,190,310,0.37
1966,112,260,0.22
693,65,315,0.67
2662,138,520,0.84
2685,139,440,0.1
188,42,337,0.25
287,46,293,0.39
4254,203,191,0.18
3404,166,238,0.27
2759,141,559,0.14
5030,236,276,0.11
4332,205,140,0.4
5499,256,131,0.28
2350,127,352,0.23
2592,136,94,0.78
2135,118,154,0.39
3362,164,287,0.61
4210,201,379,0.21
210,43,297,0.17
4573,217,519,0.88
4614,219,322,0.33
1335,88,571,0.31
73,32,306,0.25
3360,163,56,0.36
3480,169,289,0.81
2618,137,44,0.1
5566,259,422,0.3
3801,181,72,0.7
1509,95,77,0.26
5664,262,555,0.3
5614,261,446,0.23
2177,120,486,0.24
1231,83,22,0.36
5108,239,74,0.62
5300,248,494,0.39
5890,271,346,0.36
3588,173,500,0.25
113,35,466,0.72
5102,239,427,0.28
4487,212,113,0.11
1897,110,192,0.22
4272,203,73,0.9
1328,87,84,0.24
2968,149,301,0.32
1860,109,323,0.33
1886,110,146,0.12
2755,141,520,0.78
4141,198,462,0.31
4353,206,144,0.31
2450,130,274,0.33
2921,147,439,0.36
3557,172,489,0.33
252,45,538,0.12
350,49,56,0.29
5810,268,307,0.28
3128,154,543,0.38
457,53,248,0.18
3211,158,471,0.18
479,54,481,0.16
1114,80,268,0.89
798,68,141,0.76
4235,202,395,0.26
3428,167,238,0.21
2894,146,432,0.11
26,27,448,0.34
3095,153,367,0.78
1362,89,479,0.28
3395,165,108,0.2
3670,176,275,0.89
1287,86,550,0.22
1281,86,153,0.29
2585,135,79,0.84
2638,137,513,0.83
2077,117,119,0.71
3921,187,264,0.25
5915,274,295,0.29
5170,243,104,0.32
4733,225,475,0.18
3274,161,191,0.25
3139,155,218,0.37
4393,208,283,0.24
4951,234,551,0.88
607,61,78,0.28
5292,248,376,0.3
4582,217,494,0.25
3426,167,242,0.1
4710,224,543,0.2
3575,173,51,0.39
4868,230,236,0.14
5918,274,63,0.16
3347,163,218,0.12
203,43,557,0.23
339,48,276,0.35
2329,126,207,0.2
837,70,267,0.71
4373,207,346,0.15
387,50,521,0.19
1580,98,302,0.26
4563,216,65,0.37
5103,239,356,0.33
3390,165,83,0.8
2750,141,118,0.28
5159,242,106,0.25
3580,173,562,0.11
1483,94,362,0.27
4105,196,83,0.83
1670,102,290,0.82
5627,261,498,0.13
3524,170,27,0.31
677,64,490,0.4
5043,236,184,0.18
5861,270,65,0.25
2881,146,87,0.62
61,31,307,0.34
3096,153,521,0.9
1737,104,105,0.62
4151,199,38,0.33
1918,110,526,0.11
1499,95,173,0.3
790,68,111,0.12
1425,91,464,0.31
5467,255,88,0.83
5454,254,324,0.25
5396,252,517,0.69
4823,228,164,0.12
3213,158,513,0.85
2024,114,136,0.32
2926,147,85,0.83
4645,220,280,0.13
2615,137,440,0.31
5852,270,298,0.28
2899,146,513,0.6
733,66,566,0.33
3977,189,517,0.29
5705,264,239,0.2
1825,108,371,0.83
5105,239,509,0.68
5742,265,540,0.14
5186,244,103,0.17
527,56,488,0.35
5605,261,320,0.29
2584,135,95,0.8
1544,96,157,0.13
4890,231,287,0.32
1782,106,294,0.33
1744,104,400,0.31
803,68,126,0.25
857,70,566,0.22
1505,95,109,0.86
5976,280,170,0.25
4714,224,329,0.2
3926,187,500,0.21
4695,223,496,0.31
4010,191,568,0.39
219,44,226,0.23
2287,124,513,0.65
1288,86,173,0.33
1115,80,258,0.68
582,59,248,0.4
3181,157,296,0.63
43,28,526,0.14
3604,174,424,0.16
3922,187,263,0.2
2380,128,182,0.3
1539,96,505,0.19
2669,139,42,0.21
2157,119,434,0.18
5615,261,433,0.31
5266,248,533,0.63
1224,83,165,0.21
2818,144,95,0.13
3435,167,472,0.23
1071,78,140,0.79
718,65,188,0.18
4370,207,408,0.16
5259,247,228,0.16
670,64,505,0.27
3917,187,87,0.86
5197,244,318,0.39
5973,280,409,0.29
4813,228,440,0.17
3499,169,155,0.38
897,72,370,0.1
1258,85,550,0.29
5546,258,89,0.66
95,34,34,0.78
2944,148,320,0.4
4439,210,117,0.2
842,70,239,0.37
3821,182,79,0.6
5281,248,535,0.7
4991,235,390,0.1
6003,282,412,0.29
4712,224,553,0.15
3904,186,238,0.36
4585,217,163,0.17
322,47,201,0.28
4369,207,516,0.63
4866,230,255,0.38
6012,283,366,0.15
334,48,135,0.3
2663,138,94,0.61
332,48,108,0.31
833,69,566,0.34
2552,134,159,0.37
5113,239,149,0.35
2268,124,181,0.31
4831,229,69,0.1
2182,120,513,0.61
731,66,95,0.2
3035,151,89,0.84
291,46,535,0.17
184,42,563,0.29
4742,225,274,0.4
5608,261,69,0.17
4085,195,377,0.38
533,57,52,0.35
4750,225,92,0.26
2462,131,38,0.1
2117,118,329,0.26
3807,182,290,0.89
657,63,37,0.79
1255,85,129,0.77
2518,133,386,0.87
4689,223,543,0.31
2498,132,28,0.3
3123,154,471,0.19
898,72,493,0.15
428,52,432,0.35
4940,234,88,0.86
3237,159,512,0.7
3320,162,507,0.19
1436,92,219,0.31
5449,254,444,0.38
1222,83,161,0.32
1634,100,302,0.3
5253,247,258,0.16
5947,278,534,0.16
5333,250,567,0.64
5152,242,431,0.36
3393,165,150,0.12
4758,225,287,0.19
2641,137,29,0.28
4529,214,480,0.29
1872,109,499,0.1
3558,172,550,0.13
1839,108,319,0.25
5438,254,518,0.74
5716,264,72,0.87
4971,234,217,0.18
1599,99,148,0.25
5678,262,159,0.73
2316,126,393,0.75
1410,91,54,0.65
4356,206,151,0.22
3026,151,208,0.26
3204,158,200,0.4
5923,274,92,0.27
5359,250,250,0.31
1126,80,454,0.37
1832,108,567,0.29
1770,105,420,0.26
2531,133,502,0.29
2705,140,327,0.16
304,47,159,0.14
3722,178,420,0.26
1292,86,517,0.34
70,31,539,0.16
1978,113,110,0.78
1305,86,90,0.14
2799,143,185,0.21
5823,268,251,0.14
1738,104,149,0.29
4556,215,246,0.33
1340,88,245,0.13
831,69,28,0.16
2218,122,137,0.21
1456,93,438,0.17
4523,214,170,0.32
3871,184,381,0.12
238,44,223,0.29
92,34,539,0.35
2646,138,366,0.65
5554,258,247,0.31
3896,186,290,0.81
2191,121,546,0.37
2622,137,303,0.1
2164,120,531,0.76
4350,206,488,0.37
1001,76,536,0.29
4753,225,222,0.23
4715,224,330,0.21
3010,150,441,0.13
5774,266,130,0.23
1504,95,113,0.86
957,74,119,0.3
4299,204,280,0.29
5738,265,575,0.17
5778,266,211,0.36
1532,96,329,0.25
4192,200,516,0.62
411,51,58,0.14
1405,90,165,0.15
2951,148,439,0.11
5781,266,319,0.12
2432,130,43,0.35
3942,188,555,0.25
3337,163,469,0.21
3070,152,20,0.1
3751,179,83,0.87
1034,77,468,0.15
3483,169,347,0.87
5638,261,578,0.17
2698,140,85,0.65
931,74,266,0.77
5491,256,447,0.19
3918,187,293,0.88
633,62,132,0.19
2464,131,316,0.21
498,55,517,0.4
937,74,226,0.14
415,51,274,0.24
2345,127,293,0.81
5502,256,493,0.22
1743,104,98,0.25
4252,203,175,0.31
1951,112,196,0.33
757,67,445,0.38
3803,181,278,0.11
1041,77,308,0.86
2225,122,172,0.36
3671,176,270,0.88
5201,245,84,0.63
3837,183,413,0.21
596,60,193,0.24
3571,173,291,0.63
4421,210,378,0.29
1068,78,471,0.23
4246,202,150,0.39
5547,258,351,0.11
5998,281,351,0.21
3248,160,37,0.29
652,63,51,0.21
4640,220,441,0.4
4825,228,32,0.23
2303,125,451,0.39
3007,150,270,0.71
2093,117,412,0.18
5151,242,386,0.3
1840,108,313,0.33
2407,129,112,0.64
75,32,541,0.32
3689,177,38,0.38
3622,175,289,0.1
2948,148,263,0.3
5069,237,219,0.26
3914,186,531,0.37
5549,258,329,0.22
2107,118,533,0.85
2210,121,79,0.34
2741,141,222,0.18
108,35,410,0.21
1010,76,133,0.74
1029,77,534,0.23
5684,263,391,0.15
828,69,381,0.31
3855,184,577,0.33
3263,161,84,0.36
96,35,270,0.12
4545,215,557,0.4
5288,248,518,0.74
3437,167,269,0.75
4717,224,275,0.27
1200,82,143,0.88
621,62,326,0.87
5473,255,157,0.27
1412,91,267,0.74
566,58,173,0.12
543,57,162,0.36
1334,88,27,0.27
3406,166,428,0.24
51,29,380,0.28
5062,237,427,0.16
1773,105,125,0.72
2908,147,82,0.83
1558,97,175,0.34
745,66,425,0.13
4325,205,316,0.39
2025,114,424,0.25
1467,94,86,0.34
5867,270,529,0.25
195,42,341,0.16
4443,210,239,0.28
2798,143,351,0.24
3802,181,52,0.2
802,68,536,0.18
1618,99,128,0.85
3288,161,80,0.4
4747,225,187,0.25
620,62,283,0.9
2594,136,461,0.38
4162,199,366,0.11
3648,175,477,0.8
4126,197,506,0.63
5516,257,387,0.32
5565,259,421,0.13
644,63,557,0.38
5000,235,541,0.82
4506,213,153,0.34
2767,142,37,0.22
1061,78,377,0.28
5453,254,322,0.24
4094,195,73,0.69
120,36,527,0.37
5142,241,92,0.16
3206,158,430,0.17
5180,243,393,0.17
5324,249,493,0.39
3082,153,32,0.22
1230,83,112,0.3
4540,215,193,0.4
5055,237,518,0.64
4907,232,434,0.13
4262,203,192,0.26
3328,162,18,0.16
134,38,236,0.36
3505,170,377,0.14
2598,136,311,0.3
2859,145,327,0.11
2445,130,493,0.14
4213,201,358,0.11
3050,152,301,0.39
511,55,429,0.13
6009,283,505,0.13
62,31,309,0.31
1553,97,325,0.22
3793,181,106,0.12
5233,246,476,0.25
5322,249,92,0.11
2437,130,301,0.36
2998,150,221,0.32
4256,203,283,0.26
2110,118,187,0.33
679,64,366,0.19
5385,251,476,0.15
1211,83,83,0.2
122,36,454,0.23
5130,240,223,0.12
1921,111,532,0.66
4100,196,71,0.26
5714,264,76,0.13
3197,158,293,0.76
1210,83,298,0.87
567,58,171,0.2
2366,127,441,0.35
548,57,428,0.28
2405,128,545,0.4
864,71,519,0.2
4554,215,202,0.13
1392,90,75,0.19
4513,213,183,0.31
4681,222,358,0.22
3410,166,507,0.33
4313,205,66,0.36
1961,112,337,0.19
720,65,95,0.13
4409,209,259,0.16
4811,228,199,0.36
690,64,354,0.24
602,61,38,0.86
4839,229,241,0.26
2671,139,318,0.36
2476,131,503,0.29
2509,132,445,0.12
4378,207,501,0.21
503,55,552,0.36
4516,214,515,0.88
318,47,359,0.19
5754,265,355,0.17
3388,165,546,0.34
274,46,157,0.37
5171,243,330,0.33
2868,145,322,0.28
1361,89,382,0.73
3413,166,128,0.23
1526,96,525,0.37
5217,245,140,0.12
3590,173,79,0.63
1934,111,317,0.23
5834,269,302,0.17
3182,157,381,0.85
4427,210,226,0.35
3721,178,300,0.67
4812,228,373,0.3
945,74,244,0.26
4732,225,186,0.22
5804,268,314,0.37
295,47,110,0.37
1876,109,66,0.66
5271,248,549,0.68
298,47,92,0.19
68,31,516,0.34
4406,209,103,0.23
736,66,176,0.18
1598,99,198,0.4
4303,204,281,0.18
3008,150,273,0.79
3669,176,273,0.74
1503,95,113,0.82
2086,117,354,0.21
150,39,444,0.1
756,67,299,0.77
4791,227,499,0.35
3523,170,29,0.13
1703,103,350,0.29
5967,279,510,0.4
2119,118,356,0.17
169,40,123,0.3
2170,120,217,0.11
376,50,125,0.24
5773,266,132,0.4
859,70,50,0.21
1844,108,442,0.36
4053,193,407,0.1
1869,109,444,0.15
378,50,110,0.25
5512,257,510,0.79
3258,160,355,0.88
1294,86,518,0.1
4979,235,574,0.35
1432,92,339,0.86
2722,140,65,0.21
4205,201,56,0.37
4434,210,183,0.21
1779,106,326,0.34
5993,281,144,0.19
3254,160,442,0.28
4596,218,333,0.13
3753,179,275,0.8
841,70,560,0.15
5526,257,178,0.33
1189,82,412,0.11
175,41,225,0.15
5601,260,156,0.33
927,73,21,0.12
4801,227,131,0.34
45,28,536,0.31
1260,85,244,0.32
1096,79,378,0.34
1443,92,106,0.35
2664,138,21,0.32
5634,261,537,0.1
1187,82,192,0.21
5109,239,22,0.15
2678,139,354,0.24
1030,77,566,0.19
2272,124,312,0.29
300,47,137,0.12
5631,261,531,0.4
1472,94,247,0.34
283,46,374,0.19
5788,267,60,0.13
2751,141,119,0.1
4771,226,471,0.14
4937,233,31,0.31
1813,107,99,0.63
4638,220,469,0.32
4407,209,106,0.25
4155,199,386,0.35
2966,149,560,0.2
4013,191,396,0.14
2952,148,507,0.35
3893,185,531,0.32
2291,125,531,0.65
2627,137,229,0.21
3830,183,423,0.36
4593,217,273,0.32
4903,232,518,0.67
2347,127,520,0.87
2414,129,354,0.37
5484,256,377,0.39
257,45,218,0.34
507,55,163,0.13
1965,112,254,0.29
99,35,465,0.29
4705,223,420,0.34
744,66,372,0.36
2124,118,167,0.17
5572,259,331,0.22
1375,89,112,0.66
3889,185,111,0.29
3842,183,186,0.11
4607,218,93,0.12
4315,205,35,0.28
4239,202,318,0.15
1157,81,466,0.32
1858,109,321,0.35
4382,207,102,0.27
2499,132,557,0.34
4921,232,127,0.2
1437,92,224,0.15
4987,235,548,0.39
366,49,316,0.15
5573,259,251,0.35
5765,266,566,0.39
402,50,94,0.22
4660,221,402,0.17
4740,225,309,0.34
949,74,369,0.27
2835,144,414,0.39
19,27,303,0.34
229,44,496,0.29
4201,201,83,0.79
668,64,58,0.14
218,43,73,0.35
5023,236,400,0.4
4195,200,141,0.11
4783,227,321,0.2
2699,140,284,0.83
4404,208,481,0.33
585,59,352,0.14
5708,264,156,0.13
2942,148,560,0.31
2004,114,139,0.35
3935,188,428,0.11
3852,184,70,0.21
3501,169,431,0.15
3398,166,292,0.14
777,67,155,0.64
4650,221,102,0.34
1018,76,350,0.62
1606,99,162,0.27
2522,133,34,0.39
2826,144,170,0.27
4941,234,84,0.74
5246,247,389,0.32
1491,95,502,0.26
5176,243,388,0.21
5569,259,425,0.39
5413,253,529,0.33
1963,112,312,0.19
5845,269,141,0.21
4457,211,254,0.27
1593,99,40,0.35
517,56,559,0.1
321,47,200,0.18
3659,176,203,0.23
4490,212,23,0.27
4113,196,578,0.12
4165,199,358,0.12
217,43,217,0.29
3916,187,204,0.35
1971,112,74,0.25
360,49,295,0.31
5799,267,156,0.1
3358,163,153,0.36
5623,261,483,0.17
4520,214,286,0.26
1052,78,220,0.14
5846,269,34,0.36
759,67,431,0.23
4778,226,579,0.37
4557,215,260,0.12
3795,181,51,0.32
1426,91,69,0.28
1945,111,110,0.4
3720,178,347,0.69
214,43,314,0.13
1614,99,100,0.12
4691,223,546,0.3
1717,103,277,0.82
2760,141,470,0.27
2067,116,392,0.79
3018,151,90,0.85
4983,235,554,0.32
1702,103,349,0.19
3121,154,495,0.22
4844,229,432,0.39
3651,176,328,0.72
196,42,567,0.1
725,66,300,0.7
2517,133,85,0.7
1512,95,22,0.31
2656,138,87,0.84
4707,224,346,0.25
5022,236,437,0.33
1056,78,564,0.22
2298,125,243,0.38
887,72,90,0.21
2431,130,88,0.83
1092,79,162,0.34
3539,171,184,0.21
4139,198,320,0.19
568,58,367,0.32
516,56,134,0.31
3650,176,291,0.75
4357,206,160,0.14
5263,248,512,0.86
139,38,391,0.24
5853,270,262,0.28
2168,120,575,0.31
3321,162,78,0.85
4950,234,550,0.69
1149,81,176,0.21
3825,182,291,0.27
2515,132,488,0.2
4248,202,271,0.15
6023,286,102,0.16
463,53,44,0.32
4517,214,521,0.74
4392,208,265,0.23
5001,235,548,0.9
594,60,194,0.24
3100,153,427,0.36
1807,107,357,0.23
3106,154,91,0.6
450,53,562,0.22
3616,174,416,0.24
5160,242,173,0.11
4222,202,420,0.24
518,56,560,0.34
5824,268,250,0.22
312,47,345,0.4
2410,129,48,0.3
2099,117,513,0.89
2666,139,386,0.83
3196,157,18,0.26
1174,82,331,0.71
4665,222,520,0.85
451,53,477,0.14
5548,258,331,0.11
4716,224,499,0.32
1112,80,283,0.71
4860,230,468,0.36
1578,98,305,0.27
890,72,562,0.25
1615,99,62,0.65
4362,206,403,0.36
5133,241,89,0.75
3458,168,214,0.34
5863,270,498,0.38
5856,270,252,0.22
1263,85,214,0.2
5636,261,542,0.24
999,76,543,0.33
3784,181,461,0.33
1359,89,272,0.25
2841,144,335,0.21
1476,94,456,0.26
192,42,319,0.17
4708,224,88,0.77
5418,253,516,0.64
5843,269,147,0.2
5017,236,51,0.18
4639,220,506,0.8
5472,255,130,0.27
1874,109,149,0.34
5318,249,44,0.23
1338,88,560,0.32
2886,146,321,0.39
3460,168,191,0.21
5039,236,573,0.69
5059,237,397,0.3
5265,248,524,0.82
1293,86,526,0.17
5303,249,89,0.66
4527,214,273,0.24
5032,236,246,0.32
3541,171,251,0.34
2683,139,453,0.39
1907,110,141,0.12
3781,180,444,0.11
4410,209,254,0.12
368,49,325,0.22
1937,111,422,0.17
1151,81,163,0.1
3525,170,108,0.13
4108,196,287,0.2
5927,274,289,0.36
191,42,329,0.22
174,41,219,0.1
4084,195,237,0.21
3938,188,87,0.81
3857,184,242,0.24
2118,118,345,0.28
5368,251,439,0.32
5864,270,506,0.25
2843,144,341,0.17
5680,263,300,0.16
1164,81,53,0.88
2127,118,496,0.26
4483,212,430,0.21
1661,101,109,0.63
508,55,162,0.15
166,40,356,0.11
3932,187,507,0.84
4125,197,517,0.67
2271,124,575,0.34
3985,190,71,0.13
103,35,423,0.18
4850,229,481,0.15
3220,159,440,0.38
2732,141,354,0.33
1752,105,480,0.33
5374,251,563,0.85
2728,141,444,0.38
1658,101,487,0.16
152,39,337,0.24
2972,149,412,0.15
1583,98,258,0.27
5880,271,279,0.28
2577,135,336,0.11
4078,194,506,0.82
4519,214,557,0.35
3880,185,530,0.82
4381,207,44,0.16
1822,107,124,0.68
4643,220,223,0.33
5485,256,298,0.35
309,47,358,0.35
4399,208,155,0.1
3346,163,226,0.11
2589,136,74,0.74
495,55,433,0.29
205,43,563,0.37
1434,92,524,0.13
1135,80,145,0.85
868,71,185,0.15
305,47,491,0.24
1849,108,274,0.65
4423,210,441,0.21
1988,113,340,0.14
5609,261,272,0.2
1534,96,207,0.2
843,70,173,0.31
1987,113,305,0.15
3578,173,560,0.38
3864,184,395,0.37
2554,134,460,0.37
3226,159,230,0.21
1538,96,405,0.1
211,43,308,0.21
1957,112,332,0.24
5074,238,518,0.61
2339,126,513,0.84
5443,254,419,0.21
1349,88,68,0.19
5815,268,487,0.38
4603,218,449,0.13
680,64,357,0.1
180,42,361,0.31
3780,180,29,0.16
3066,152,273,0.86
3312,162,151,0.2
278,46,560,0.11
289,46,457,0.29
4515,214,87,0.68
993,75,567,0.28
2609,136,80,0.72
4478,212,241,0.17
4240,202,133,0.37
4822,228,163,0.28
270,46,98,0.35
2167,120,556,0.32
5717,264,71,0.79
2254,123,423,0.32
4675,222,457,0.16
111,35,446,0.1
1391,90,81,0.35
220,44,52,0.38
3250,160,342,0.23
83,33,369,0.29
3455,168,299,0.22
461,53,244,0.29
5289,248,389,0.22
551,57,122,0.28
5899,272,472,0.22
3686,177,297,0.84
2784,142,513,0.86
2146,119,336,0.12
2897,146,467,0.32
4633,220,520,0.71
650,63,379,0.27
708,65,244,0.3
3799,181,458,0.39
5560,258,348,0.36
2358,127,442,0.37
1424,91,401,0.12
1216,83,563,0.18
5523,257,317,0.29
1924,111,41,0.13
2753,141,337,0.37
3319,162,416,0.1
314,47,350,0.33
5992,281,160,0.26
1427,91,411,0.2
3996,190,500,0.32
2955,148,88,0.9
4700,223,419,0.23
3887,185,79,0.63
3235,159,553,0.39
4428,210,279,0.37
3309,162,338,0.29
6024,288,202,0.36
2543,134,83,0.88
684,64,130,0.1
4851,229,251,0.27
5106,239,508,0.73
5129,240,218,0.16
4071,194,400,0.16
326,48,223,0.34
5369,251,571,0.75
5479,255,220,0.16
2611,136,373,0.22
5202,245,62,0.31
2348,127,135,0.36
4076,194,289,0.25
4101,196,569,0.33
3808,182,34,0.21
348,49,136,0.2
1626,100,555,0.35
3245,160,524,0.66
871,71,58,0.39
5432,253,323,0.24
4331,205,506,0.88
5252,247,474,0.22
2121,118,243,0.34
2418,129,238,0.3
85,34,373,0.37
3536,171,299,0.23
1877,109,123,0.9
4751,225,472,0.22
5148,242,518,0.72
5617,261,290,0.25
494,54,334,0.21
2986,150,286,0.78
3129,154,365,0.87
2778,142,498,0.15
1270,85,130,0.74
2673,139,325,0.13
4928,233,565,0.25
4970,234,269,0.36
618,62,256,0.87
5146,242,378,0.37
3846,183,26,0.16
4257,203,294,0.17
2570,135,75,0.85
3634,175,478,0.39
3076,153,283,0.64
1413,91,190,0.38
2201,121,213,0.16
4918,232,26,0.3
4816,228,440,0.11
869,71,364,0.29
2006,114,562,0.29
4161,199,344,0.25
356,49,552,0.13
1162,81,398,0.12
4570,216,400,0.26
3163,156,317,0.28
5940,277,200,0.31
1890,110,511,0.67
579,59,427,0.12
2571,135,519,0.66
1691,102,126,0.6
862,71,139,0.72
4030,192,360,0.3
3326,162,112,0.36
4237,202,288,0.33
4661,221,143,0.29
1116,80,455,0.11
1541,96,119,0.62
4411,209,366,0.13
4631,220,322,0.21
5538,257,25,0.33
2629,137,458,0.17
5316,249,458,0.2
5332,250,563,0.76
5929,274,26,0.35
2417,129,164,0.29
5745,265,388,0.36
5093,238,55,0.24
5777,266,27,0.21
2052,116,46,0.14
1776,106,189,0.11
3586,173,408,0.34
4316,205,544,0.23
1592,98,85,0.34
1723,104,560,0.27
4709,224,104,0.39
5722,264,172,0.35
490,54,29,0.22
5058,237,547,0.2
1006,76,401,0.35
3168,156,198,0.32
3488,169,575,0.4
1417,91,181,0.16
25,27,449,0.38
1113,80,262,0.87
5911,273,66,0.28
1552,97,301,0.14
5139,241,440,0.22
5711,264,92,0.37
433,52,96,0.31
2945,148,331,0.21
2827,144,173,0.3
4040,192,348,0.19
5019,236,548,0.11
5551,258,244,0.22
3732,178,491,0.31
4470,212,567,0.1
4050,193,238,0.23
5809,268,302,0.22
1102,79,485,0.31
4275,203,276,0.33
5642,261,107,0.31
4176,200,83,0.71
194,42,231,0.14
615,61,513,0.25
643,63,119,0.16
4323,205,137,0.38
5637,261,572,0.23
5086,238,575,0.67
330,48,55,0.18
3555,172,179,0.2
3761,180,458,0.17
3133,155,90,0.21
5602,260,113,0.27
483,54,388,0.32
4615,219,520,0.72
3820,182,508,0.84
2059,116,344,0.28
5273,248,552,0.66
32,28,289,0.15
664,64,482,0.12
5770,266,489,0.19
4273,203,23,0.35
1444,92,58,0.77
2640,137,99,0.66
3951,188,140,0.14
5876,270,160,0.22
1705,103,318,0.35
5928,274,20,0.14
5950,278,553,0.35
4746,225,193,0.2
2277,124,319,0.21
1401,90,515,0.17
3365,164,557,0.18
170,40,71,0.16
540,57,422,0.29
3166,156,309,0.36
4508,213,105,0.28
5489,256,359,0.1
4594,217,460,0.19
674,64,238,0.11
2937,148,283,0.62
5125,240,401,0.34
1815,107,123,0.73
4800,227,245,0.4
2100,117,87,0.13
3306,162,333,0.15
5850,270,263,0.32
2101,117,19,0.24
5096,239,88,0.35
3112,154,30,0.34
1548,96,129,0.72
3405,166,437,0.2
2399,128,519,0.87
355,49,553,0.11
5797,267,360,0.34
2716,140,330,0.4
3411,166,510,0.2
5328,250,571,0.22
4287,204,183,0.27
1051,78,214,0.18
2321,126,38,0.1
4293,204,278,0.23
3641,175,510,0.88
1751,105,462,0.1
2481,131,90,0.78
1772,105,64,0.82
1196,82,347,0.78
1878,109,383,0.16
2016,114,498,0.31
2005,114,45,0.32
4880,231,519,0.71
1482,94,92,0.3
328,48,139,0.39
648,63,356,0.4
5090,238,44,0.29
1123,80,226,0.27
2795,143,354,0.1
2980,149,269,0.75
2477,131,412,0.2
2862,145,170,0.13
2815,143,91,0.71
5037,236,571,0.6
1259,85,224,0.31
3215,158,29,0.16
3433,167,500,0.32
4219,201,43,0.16
1519,96,266,0.76
1378,89,409,0.21
4395,208,479,0.39
1023,77,309,0.64
2895,146,89,0.7
4279,204,103,0.25
3617,174,462,0.32
912,73,64,0.34
4857,230,39,0.17
1675,102,85,0.34
1746,105,525,0.29
3053,152,307,0.18
1736,104,395,0.86
1629,100,304,0.23
3827,183,332,0.37
430,52,141,0.36
1808,107,325,0.4
4722,224,22,0.29
2404,128,519,0.21
3424,167,577,0.29
4922,232,348,0.2
4198,200,24,0.21
2222,122,567,0.33
3624,175,353,0.79
3270,161,40,0.36
5370,251,573,0.74
4017,191,250,0.21
4602,218,79,0.66
5343,250,43,0.14
1995,113,395,0.75
3200,158,250,0.13
2224,122,348,0.14
1106,79,147,0.7
4087,195,500,0.4
818,69,490,0.27
4098,195,171,0.19
4372,207,347,0.13
1697,103,82,0.1
5994,281,140,0.37
136,38,534,0.35
3260,160,81,0.87
3879,185,518,0.8
5335,250,566,0.82
1180,82,560,0.36
3620,174,339,0.34
888,72,105,0.4
3158,156,280,0.73
2574,135,316,0.19
4291,204,201,0.14
817,69,500,0.14
1111,80,43,0.87
3434,167,510,0.25
2341,127,394,0.25
4440,210,143,0.16
3782,180,307,0.36
1264,85,426,0.25
990,75,321,0.85
3256,160,85,0.67
1739,104,149,0.13
3785,181,462,0.13
353,49,563,0.21
4587,217,446,0.31
4400,208,157,0.36
4221,201,490,0.25
1489,95,537,0.21
3950,188,163,0.39
1228,83,440,0.39
4739,225,424,0.25
3515,170,82,0.63
5703,263,268,0.2
52,29,445,0.22
3143,155,493,0.11
4561,216,340,0.39
5568,259,89,0.64
4845,229,268,0.23
1589,98,462,0.23
1479,94,49,0.72
1469,94,529,0.61
5156,242,74,0.63
2542,134,180,0.2
2078,117,272,0.65
4767,226,223,0.1
5936,276,67,0.1
5437,254,89,0.77
436,52,253,0.36
2905,147,287,0.11
4666,222,519,0.77
1588,98,51,0.85
4431,210,277,0.1
1590,98,61,0.89
5792,267,489,0.1
973,75,426,0.11
1238,84,476,0.11
2342,127,69,0.86
5780,266,288,0.28
3973,189,79,0.66
5136,241,366,0.28
2231,122,492,0.33
2536,133,460,0.12
1497,95,233,0.13
449,53,92,0.18
2369,127,94,0.76
3386,165,409,0.25
2422,129,470,0.36
5406,252,24,0.16
3400,166,284,0.8
1551,97,532,0.9
5337,250,558,0.71
1146,81,93,0.26
3759,180,222,0.1
2092,117,496,0.22
1313,87,577,0.18
2015,114,495,0.13
3289,161,274,0.14
2746,141,453,0.36
4765,226,568,0.4
1381,89,492,0.34
3269,161,126,0.28
413,51,564,0.15
941,74,562,0.17
801,68,566,0.36
2521,133,129,0.25
5875,270,22,0.31
256,45,275,0.1
5910,273,439,0.4
2235,122,97,0.7
647,63,237,0.37
1767,105,437,0.14
4119,197,342,0.33
5603,260,398,0.36
3002,150,84,0.88
2647,138,443,0.17
24,27,447,0.12
1088,79,532,0.24
4864,230,408,0.13
4819,228,259,0.32
112,35,414,0.16
2311,125,109,0.71
2788,143,78,0.68
56,29,539,0.29
1309,87,192,0.37
695,65,301,0.88
4900,232,314,0.31
1227,83,403,0.29
1999,113,272,0.87
276,46,158,0.36
2680,139,436,0.28
5095,238,177,0.38
1833,108,546,0.19
682,64,353,0.4
3159,156,31,0.3
4348,206,497,0.13
2885,146,340,0.26
1137,81,283,0.9
5545,258,587,0.38
4196,200,151,0.24
4180,200,545,0.28
5681,263,87,0.81
5510,256,403,0.33
1346,88,531,0.26
2569,135,69,0.82
5477,255,590,0.15
2820,144,395,0.62
2384,128,49,0.36
3948,188,369,0.35
4190,200,419,0.25
3275,161,211,0.35
3632,175,408,0.14
3276,161,231,0.24
3497,169,462,0.17
3049,152,325,0.28
5004,235,566,0.62
4942,234,518,0.76
81,33,463,0.26
1972,112,516,0.83
1714,103,517,0.38
4003,190,490,0.29
2943,148,319,0.37
5179,243,446,0.33
1946,111,382,0.23
3339,163,58,0.19
3102,153,460,0.2
4217,201,161,0.29
1610,99,108,0.82
3262,160,274,0.25
5707,264,252,0.28
5203,245,316,0.25
5887,271,460,0.27
4641,220,27,0.23
665,64,450,0.25
2194,121,305,0.19
3752,179,271,0.82
5884,271,446,0.22
1017,76,337,0.85
557,58,498,0.14
4305,204,185,0.3
5361,250,20,0.13
1207,83,262,0.75
5978,280,303,0.16
3044,152,79,0.88
1510,95,438,0.22
4963,234,126,0.17
3710,177,290,0.88
4091,195,186,0.28
4095,195,471,0.25
266,46,433,0.12
2707,140,191,0.35
3370,164,205,0.37
2111,118,44,0.2
2963,148,565,0.21
1909,110,119,0.84
3125,154,425,0.34
3927,187,86,0.85
3975,189,25,0.38
4250,202,460,0.36
3592,173,456,0.32
5132,241,230,0.31
4011,191,228,0.19
1784,106,355,0.34
1237,84,270,0.75
5007,235,353,0.22
3024,151,265,0.11
3892,185,72,0.7
4881,231,69,0.23
5945,277,31,0.25
2186,120,100,0.34
3469,168,37,0.11
908,73,133,0.73
3891,185,180,0.16
1303,86,407,0.24
5621,261,517,0.1
1627,100,528,0.39
1522,96,523,0.14
835,70,142,0.9
358,49,290,0.21
138,38,489,0.22
299,47,136,0.25
1556,97,308,0.1
1003,76,241,0.35
382,50,100,0.36
2812,143,118,0.39
761,67,560,0.39
3652,176,295,0.9
4288,204,233,0.3
4366,206,410,0.37
4863,230,473,0.15
4320,205,322,0.38
1402,90,544,0.15
2922,147,412,0.16
5163,242,80,0.3
1932,111,334,0.25
4031,192,343,0.33
2916,147,202,0.13
4793,227,352,0.39
5138,241,406,0.23
2846,144,521,0.67
4713,224,553,0.13
4110,196,24,0.1
58,30,291,0.15
76,32,168,0.33
796,68,362,0.13
2416,129,237,0.31
4955,234,555,0.89
4401,208,125,0.3
785,68,459,0.36
2917,147,155,0.23
5282,248,534,0.61
2217,122,169,0.31
2802,143,176,0.24
2654,138,436,0.37
4032,192,480,0.14
2764,142,526,0.68
5503,256,201,0.17
4644,220,234,0.39
910,73,300,0.9
2172,120,238,0.22
3540,171,232,0.3
2309,125,518,0.8
5639,261,477,0.28
1257,85,344,0.69
2495,132,189,0.35
4535,214,106,0.15
5169,243,88,0.66
1178,82,562,0.23
4528,214,386,0.38
4914,232,322,0.11
442,52,526,0.1
4092,195,194,0.25
3774,180,386,0.1
3318,162,410,0.22
5741,265,476,0.28
1054,78,71,0.13
2688,139,506,0.15
4986,235,546,0.27
3218,159,128,0.37
1415,91,571,0.22
2372,127,74,0.66
4251,202,69,0.14
4387,208,366,0.38
2801,143,250,0.32
3685,177,301,0.67
4216,201,166,0.33
1502,95,479,0.27
3135,155,301,0.4
3867,184,111,0.36
2011,114,325,0.12
4560,216,200,0.36
3615,174,272,0.77
5181,243,144,0.17
4852,229,236,0.11
4546,215,197,0.24
5349,250,375,0.33
6,20,492,0.15
2487,131,419,0.24
678,64,114,0.36
1943,111,109,0.61
3739,178,95,0.28
5540,258,90,0.27
3349,163,496,0.36
4618,219,34,0.23
2607,136,376,0.85
3583,173,299,0.28
5536,257,24,0.39
1064,78,413,0.31
3755,179,287,0.63
2242,122,109,0.7
1474,94,483,0.25
4463,211,486,0.16
1889,110,574,0.4
6006,282,254,0.29
2021,114,75,0.36
5710,264,81,0.89
4284,204,390,0.4
2658,138,86,0.9
2467,131,353,0.11
2770,142,351,0.33
1130,80,127,0.68
1461,93,59,0.6
3862,184,398,0.28
5862,270,460,0.25
3961,189,65,0.2
3425,167,306,0.26
222,44,33,0.28
5582,259,534,0.38
48,29,245,0.24
573,58,84,0.39
1236,84,108,0.82
4577,217,543,0.15
5839,269,162,0.35
5409,252,230,0.23
2282,124,507,0.37
4034,192,170,0.36
267,46,208,0.34
1104,79,50,0.68
2305,125,446,0.16
4734,225,457,0.16
1935,111,169,0.33
386,50,531,0.28
1701,103,329,0.31
1628,100,518,0.64
3221,159,119,0.33
2714,140,449,0.15
3006,150,274,0.78
5350,250,431,0.35
1563,97,452,0.11
4909,232,374,0.23
209,43,354,0.4
909,73,267,0.7
1289,86,415,0.4
4543,215,36,0.23
3877,185,86,0.75
1842,108,425,0.19
2497,132,132,0.11
4920,232,481,0.31
3661,176,504,0.13
958,74,54,0.84
1793,106,274,0.76
2088,117,170,0.32
2702,140,531,0.76
331,48,148,0.15
4471,212,567,0.23
3905,186,433,0.24
3011,150,521,0.8
2459,131,494,0.17
1774,106,61,0.8
4762,226,519,0.83
4349,206,79,0.62
5111,239,480,0.27
5768,266,591,0.1
4883,231,566,0.13
2890,146,159,0.23
4412,209,500,0.24
2828,144,263,0.14
1710,103,173,0.21
4595,218,332,0.29
2478,131,458,0.21
1366,89,219,0.38
173,41,222,0.29
4215,201,159,0.19
5728,264,361,0.14
2915,147,347,0.36
5243,247,511,0.71
3544,171,502,0.37
1952,112,42,0.1
4424,210,526,0.78
3375,164,412,0.28
2036,115,354,0.1
4502,213,492,0.3
4414,209,82,0.68
18,27,264,0.15
0,18,486,0.2
2174,120,422,0.25
1356,88,393,0.27
4479,212,477,0.4
4102,196,246,0.19
4043,192,371,0.34
396,50,289,0.15
4525,214,321,0.21
4898,232,529,0.23
1812,107,437,0.33
4453,211,558,0.26
5260,247,118,0.29
816,69,111,0.1
1572,98,113,0.79
5220,245,74,0.79
1800,107,325,0.25
2280,124,359,0.4
3767,180,54,0.1
4760,226,353,0.38
3934,188,151,0.19
4550,215,142,0.39
3305,162,330,0.27
5552,258,235,0.16
3945,188,497,0.31
3475,169,275,0.18
3332,162,80,0.12
4207,201,224,0.33
5404,252,74,0.85
554,57,332,0.34
1159,81,472,0.35
1213,83,98,0.22
3750,179,396,0.24
1325,87,479,0.38
3308,162,336,0.33
5391,252,529,0.39
700,65,562,0.39
2700,140,288,0.84
4307,204,462,0.2
1847,108,159,0.11
4420,210,183,0.22
3886,185,414,0.1
1455,93,223,0.17
5035,236,526,0.63
2970,149,166,0.17
2882,146,129,0.23
866,71,566,0.39
4600,218,306,0.38
1644,101,113,0.61
2140,118,403,0.26
4024,192,71,0.2
3467,168,80,0.7
1490,95,523,0.16
3107,154,87,0.87
729,66,410,0.19
4214,201,495,0.25
5829,268,225,0.15
2620,137,325,0.22
1936,111,234,0.38
3165,156,310,0.2
1110,79,374,0.37
4886,231,402,0.29
5380,251,154,0.32
2394,128,503,0.3
1185,82,206,0.12
2007,114,568,0.1
193,42,254,0.34
1515,95,363,0.24
578,59,498,0.35
2123,118,186,0.35
1429,91,133,0.8
771,67,375,0.28
3601,174,288,0.68
2395,128,458,0.35
5966,279,530,0.19
1846,108,74,0.34
131,38,243,0.3
178,41,335,0.11
5375,251,526,0.7
3832,183,294,0.35
3589,173,478,0.11
2580,135,160,0.16
3647,175,490,0.22
3377,164,458,0.16
2652,138,242,0.14
5919,274,380,0.1
2073,116,106,0.79
658,63,94,0.19
1896,110,249,0.36
4833,229,46,0.17
4157,199,376,0.3
2221,122,568,0.12
5720,264,488,0.36
2379,128,530,0.86
1447,93,131,0.9
342,48,568,0.17
3626,175,65,0.23
2527,133,442,0.22
727,66,463,0.1
4738,225,414,0.12
976,75,134,0.79
2957,148,409,0.3
5360,250,203,0.33
1928,111,307,0.37
3717,178,139,0.21
5783,267,436,0.17
1299,86,357,0.82
4187,200,211,0.32
5528,257,74,0.65
660,64,261,0.22
1790,106,435,0.35
3412,166,87,0.72
3967,189,404,0.35
493,54,83,0.14
3132,154,71,0.7
4728,225,514,0.88
3130,154,513,0.83
3849,184,86,0.9
5542,258,422,0.39
1085,79,71,0.26
5683,263,397,0.4
694,65,334,0.72
1278,86,328,0.29
5868,270,533,0.28
1621,100,286,0.9
2561,134,374,0.63
5182,243,168,0.14
4183,200,362,0.34
67,31,510,0.38
5054,237,515,0.6
3033,151,381,0.8
2269,124,135,0.1
4687,223,70,0.25
4741,225,308,0.15
820,69,526,0.22
1226,83,447,0.24
1677,102,81,0.13
5027,236,509,0.73
2867,145,79,0.8
4390,208,319,0.33
2367,127,438,0.16
5870,270,548,0.28
3907,186,502,0.19
2512,132,125,0.25
2723,140,106,0.16
5363,250,333,0.1
5120,240,518,0.89
4448,211,84,0.73
1143,81,72,0.17
397,50,244,0.29
786,68,425,0.1
5155,242,158,0.34
3931,187,320,0.1
1398,90,414,0.4
1659,101,550,0.33
3353,163,107,0.26
2220,122,49,0.36
979,75,484,0.29
2331,126,239,0.31
1298,86,507,0.3
3532,171,338,0.63
3813,182,410,0.18
82,33,466,0.27
4895,231,581,0.16
4037,192,225,0.37
4704,223,239,0.26
3954,188,398,0.28
5818,268,344,0.31
4056,193,338,0.31
2903,146,405,0.21
423,51,456,0.33
5206,245,405,0.23
1904,110,472,0.13
5459,254,477,0.15
1530,96,500,0.36
5167,243,309,0.32
1565,97,520,0.14
4450,211,51,0.14
2749,141,85,0.87
839,70,530,0.19
500,55,522,0.32
3295,162,561,0.12
141,38,137,0.32
4965,234,74,0.66
2605,136,508,0.13
3527,171,132,0.3
1377,89,163,0.12
4677,222,387,0.35
5906,272,23,0.14
2266,124,520,0.67
4867,230,248,0.34
1138,81,269,0.89
2257,123,99,0.76
3625,175,298,0.66
1787,106,321,0.22
3657,176,219,0.29
550,57,61,0.11
459,53,193,0.27
2019,114,450,0.38
948,74,370,0.2
4538,214,426,0.21
3142,155,435,0.3
532,57,402,0.16
5598,260,478,0.24
1829,108,171,0.35
5166,243,529,0.37
5310,249,560,0.61
4790,227,197,0.13
3396,165,519,0.28
1602,99,546,0.32
2238,122,378,0.79
639,63,270,0.9
5816,268,548,0.32
967,75,516,0.37
5082,238,163,0.14
3734,178,479,0.36
1683,102,192,0.19
2248,123,354,0.3
4140,198,433,0.14
5379,251,338,0.31
3341,163,181,0.22
155,40,413,0.39
2295,125,354,0.28
3545,171,499,0.37
4384,207,292,0.13
1089,79,528,0.12
3771,180,235,0.31
2319,126,135,0.23
2940,148,531,0.89
5087,238,576,0.85
288,46,125,0.27
930,74,133,0.81
2909,147,87,0.78
3607,174,544,0.2
4672,222,241,0.1
2884,146,339,0.3
3399,166,83,0.6
4656,221,79,0.78
5464,254,216,0.18
3000,150,381,0.65
4464,211,22,0.4
3372,164,510,0.35
5938,277,547,0.2
942,74,506,0.34
2354,127,146,0.18
5275,248,560,0.74
5189,244,178,0.23
5613,261,352,0.2
1698,103,561,0.21
5667,262,569,0.25
4152,199,562,0.15
3567,172,511,0.69
4001,190,457,0.24
4241,202,151,0.15
985,75,28,0.14
3949,188,498,0.13
3127,154,432,0.21
3185,157,558,0.33
5748,265,158,0.37
981,75,486,0.25
3550,172,528,0.67
4828,228,213,0.14
5478,255,219,0.4
3464,168,277,0.87
4310,205,340,0.12
3519,170,303,0.64
1473,94,431,0.14
4818,228,413,0.18
3378,164,521,0.87
4773,226,296,0.21
1457,93,472,0.37
1395,90,181,0.34
264,45,437,0.15
2748,141,80,0.63
5527,257,122,0.34
2692,139,92,0.61
929,73,344,0.73
5076,238,511,0.68
5803,267,210,0.11
2400,128,513,0.67
2178,120,387,0.71
3829,183,169,0.24
246,45,87,0.33
1594,99,55,0.66
1758,105,331,0.26
5860,270,60,0.14
5294,248,417,0.4
923,73,99,0.21
5935,275,87,0.22
268,46,54,0.21
669,64,118,0.24
3898,186,37,0.15
1910,110,273,0.62
4200,201,335,0.19
1152,81,158,0.31
4934,233,509,0.88
5795,267,131,0.12
5916,274,294,0.1
2696,139,555,0.68
2591,136,96,0.89
5671,262,216,0.34
1781,106,301,0.27
2413,129,305,0.29
3013,150,87,0.67
5255,247,120,0.15
2307,125,96,0.71
3098,153,58,0.2
687,64,96,0.32
1915,110,525,0.33
5666,262,566,0.38
612,61,173,0.33
3071,152,559,0.34
4335,205,152,0.38
2267,124,530,0.81
5775,266,379,0.24
2533,133,440,0.37
39,28,493,0.24
1898,110,154,0.1
1649,101,546,0.22
3667,176,478,0.14
258,45,317,0.25
2924,147,441,0.3
2434,130,334,0.21
847,70,52,0.23
2822,144,349,0.3
5080,238,583,0.39
5100,239,519,0.68
3978,189,517,0.34
3664,176,419,0.22
1233,83,140,0.72
1127,80,493,0.14
4507,213,105,0.22
1967,112,231,0.36
558,58,559,0.11
904,72,44,0.63
2614,137,94,0.6
484,54,246,0.33
2211,121,71,0.74
1320,87,452,0.33
5698,263,110,0.39
2555,134,491,0.29
7,23,518,0.18
2315,125,376,0.28
5094,238,213,0.2
4398,208,515,0.9
4329,205,445,0.34
5285,248,559,0.71
1450,93,69,0.11
1201,82,359,0.66
2426,129,132,0.28
2648,138,564,0.3
1814,107,102,0.76
2726,141,124,0.27
773,67,128,0.21
2274,124,341,0.22
1011,76,79,0.16
5653,262,251,0.28
3489,169,241,0.29
1991,113,499,0.39
1277,85,361,0.86
1783,106,293,0.25
4267,203,483,0.26
446,53,139,0.28
880,71,368,0.23
5474,255,74,0.71
5366,251,546,0.27
2727,141,275,0.84
3048,152,326,0.28
781,68,286,0.86
2651,138,261,0.21
5851,270,447,0.36
1749,105,532,0.72
2126,118,421,0.15
5235,246,142,0.25
2791,143,574,0.11
2423,129,506,0.21
5881,271,256,0.16
5185,244,458,0.38
883,72,141,0.72
3379,164,81,0.7
1091,79,256,0.26
4355,206,162,0.12
5216,245,321,0.25
531,56,568,0.32
3612,174,499,0.16
2438,130,314,0.34
4877,231,518,0.74
5048,236,319,0.14
3979,190,175,0.36
4926,233,380,0.31
2290,125,403,0.63
1727,104,164,0.39
610,61,172,0.32
570,58,62,0.23
4936,233,30,0.17
1317,87,160,0.12
343,48,189,0.86
587,59,44,0.81
4693,223,222,0.35
636,62,96,0.33
434,52,560,0.19
1903,110,507,0.4
97,35,285,0.13
3198,158,564,0.38
3447,167,566,0.36
3402,166,52,0.22
5735,265,70,0.8
2069,116,137,0.15
1537,96,214,0.21
3227,159,251,0.3
4147,198,180,0.15
4787,227,519,0.85
5154,242,277,0.31
1517,95,362,0.12
965,75,104,0.1
5419,253,514,0.82
528,56,42,0.76
176,41,563,0.35
2470,131,242,0.26
4536,214,206,0.15
3895,186,292,0.63
3001,150,78,0.9
5150,242,390,0.16
572,58,87,0.24
5690,263,475,0.18
592,60,425,0.24
4990,235,316,0.31
3062,152,112,0.28
3504,170,526,0.31
2374,127,376,0.19
3064,152,101,0.11
5648,262,87,0.62
4653,221,554,0.22
3794,181,64,0.1
2208,121,133,0.22
3656,176,251,0.18
2492,132,86,0.62
5296,248,130,0.18
383,50,474,0.29
852,70,21,0.16
1880,110,107,0.18
370,49,333,0.2
3384,165,38,0.24
4245,202,130,0.33
5221,245,251,0.18
5187,244,269,0.1
5982,280,339,0.14
1105,79,79,0.27
4328,205,499,0.29
2361,127,503,0.4
4837,229,243,0.38
1336,88,569,0.37
2189,121,45,0.33
5522,257,270,0.25
5758,266,406,0.14
3315,162,497,0.34
2246,123,530,0.67
5633,261,535,0.4
5835,269,215,0.27
1171,82,317,0.84
3691,177,576,0.2
3831,183,106,0.26
1422,91,157,0.14
2686,139,445,0.13
5400,252,443,0.1
3340,163,564,0.14
5465,255,62,0.15
4989,235,575,0.1
1464,94,200,0.18
874,71,120,0.23
2297,125,242,0.26
2643,137,373,0.1
3323,162,85,0.8
5207,245,391,0.3
1251,84,111,0.65
5482,256,309,0.2
840,70,522,0.21
4829,228,269,0.31
581,59,162,0.39
204,43,562,0.25
1641,100,120,0.63
2014,114,492,0.33
3253,160,206,0.36
905,72,52,0.89
631,62,110,0.12
4258,203,373,0.38
1974,112,19,0.39
162,40,483,0.28
4318,205,568,0.18
4081,195,161,0.33
5740,265,591,0.3
3535,171,576,0.28
617,61,353,0.22
875,71,96,0.28
1431,92,35,0.21
2973,149,429,0.38
4160,199,326,0.32
547,57,365,0.28
4436,210,413,0.25
5469,255,256,0.4
5064,237,509,0.74
3403,166,306,0.12
3786,181,82,0.69
3529,171,451,0.29
4906,232,89,0.72
2856,145,544,0.19
1861,109,326,0.3
2659,138,120,0.31
5525,257,179,0.24
640,63,302,0.68
3835,183,233,0.15
1009,76,314,0.87
5886,271,60,0.18
637,62,341,0.23
4915,232,259,0.14
4518,214,390,0.21
2308,125,271,0.68
4182,200,581,0.28
3145,155,481,0.19
4333,205,178,0.27
2096,117,275,0.84
3534,171,523,0.67
1956,112,319,0.17
1372,89,493,0.35
4047,193,84,0.33
921,73,494,0.12
546,57,173,0.27
1449,93,182,0.11
2804,143,208,0.34
2610,136,555,0.63
1900,110,165,0.38
2757,141,65,0.12
2028,114,119,0.73
2301,125,178,0.15
1885,110,143,0.26
1642,100,400,0.4
972,75,193,0.31
5787,267,44,0.34
2097,117,424,0.33
5594,260,112,0.37
4591,217,173,0.26
5407,252,92,0.31
5983,280,385,0.16
836,70,273,0.7
601,60,345,0.28
2184,120,82,0.18
5295,248,420,0.13
6020,285,481,0.18
5165,242,526,0.1
1582,98,334,0.16
5117,240,439,0.34
3605,174,70,0.28
3881,185,35,0.39
1070,78,77,0.36
1775,106,364,0.78
5786,267,454,0.32
1283,86,551,0.23
5003,235,564,0.67
4394,208,180,0.3
5721,264,174,0.35
1836,108,322,0.15
5089,238,279,0.21
1019,76,379,0.33
970,75,192,0.37
1326,87,133,0.86
5905,272,28,0.27
475,54,525,0.1
2810,143,495,0.16
4509,213,22,0.25
1651,101,300,0.18
5589,260,387,0.3
5137,241,352,0.39
2528,133,460,0.26
4295,204,261,0.12
3528,171,226,0.14
3680,177,252,0.34
1373,89,479,0.2
739,66,357,0.17
4624,219,416,0.15
3479,169,286,0.87
867,71,162,0.1
2974,149,431,0.11
1140,81,259,0.6
997,76,105,0.3
1337,88,570,0.23
541,57,417,0.12
1099,79,454,0.17
1132,80,480,0.33
5840,269,160,0.24
3866,184,110,0.23
2258,123,271,0.78
5242,247,512,0.72
2962,148,64,0.27
59,30,316,0.24
3259,160,356,0.75
2206,121,495,0.26
1938,111,456,0.15
5331,250,430,0.33
5948,278,547,0.4
4932,233,339,0.39
2813,143,270,0.9
5208,245,376,0.29
3442,167,152,0.4
1078,78,356,0.81
4838,229,242,0.37
5524,257,178,0.22
4531,214,506,0.84
3737,178,79,0.68
5832,268,264,0.78
2630,137,507,0.11
4817,228,510,0.87
5521,257,280,0.21
5879,271,322,0.21
940,74,64,0.12
1080,78,331,0.23
187,42,563,0.25
3745,179,564,0.23
4145,198,108,0.37
2085,117,343,0.24
2249,123,181,0.14
3711,177,412,0.15
5914,274,198,0.11
2023,114,142,0.32
3817,182,81,0.75
1492,95,315,0.3
4617,219,67,0.18
4066,193,518,0.73
226,44,78,0.13
1013,76,141,0.88
2583,135,90,0.79
1929,111,301,0.28
4229,202,232,0.3
5402,252,386,0.13
1404,90,119,0.64
2179,120,139,0.19
697,65,210,0.31
1124,80,385,0.3
3282,161,140,0.36
3984,190,106,0.13
4648,221,373,0.19
1778,106,147,0.14
2634,137,85,0.71
3091,153,507,0.34
4073,194,89,0.79
1037,77,41,0.72
5010,235,270,0.28
2256,123,474,0.18
3796,181,552,0.1
5954,278,561,0.24
313,47,347,0.23
2649,138,302,0.13
2281,124,233,0.14
3716,178,361,0.28
4301,204,270,0.2
2547,134,44,0.24
1416,91,568,0.33
1036,77,131,0.83
2159,119,424,0.34
2984,149,513,0.64
3137,155,307,0.22
4997,235,303,0.19
1754,105,302,0.18
5949,278,551,0.4
4004,191,296,0.26
5896,272,445,0.29
3649,175,355,0.4
2520,133,132,0.39
873,71,89,0.34
4444,210,153,0.28
4503,213,451,0.29
1506,95,112,0.88
3915,187,528,0.15
1923,111,192,0.39
448,53,94,0.38
3482,169,356,0.6
5952,278,556,0.1
5985,280,357,0.35
3655,176,577,0.19
3257,160,147,0.1
361,49,300,0.16
2183,120,104,0.83
1134,80,21,0.15
5425,253,168,0.4
3199,158,301,0.39
4795,227,506,0.78
3438,167,408,0.2
2155,119,412,0.15
1830,108,195,0.28
1053,78,100,0.31
2460,131,182,0.34
22,27,415,0.28
2066,116,392,0.88
1653,101,347,0.25
3684,177,311,0.72
4692,223,578,0.34
2743,141,444,0.27
4154,199,216,0.25
4888,231,329,0.4
2468,131,352,0.39
2325,126,568,0.18
460,53,191,0.24
1067,78,472,0.21
87,34,309,0.14
1430,91,396,0.32
4396,208,459,0.15
282,46,370,0.16
2483,131,126,0.17
462,53,361,0.3
212,43,317,0.15
2588,135,532,0.4
3559,172,549,0.32
2907,147,88,0.89
2581,135,497,0.23
1368,89,173,0.29
234,44,380,0.25
3946,188,497,0.38
597,60,64,0.12
5313,249,89,0.79
2250,123,447,0.35
4885,231,214,0.11
2283,124,96,0.62
662,64,267,0.61
5979,280,312,0.16
2285,124,132,0.38
3431,167,423,0.2
5676,262,17,0.14
4334,205,190,0.15
3707,177,156,0.12
5493,256,293,0.28
3468,168,30,0.36
3563,172,168,0.13
2990,150,119,0.29
5352,250,168,0.4
779,67,275,0.4
2544,134,395,0.85
5302,249,296,0.1
4498,213,272,0.14
4403,208,23,0.4
4338,205,269,0.23
4947,234,407,0.39
5820,268,333,0.39
685,64,80,0.1
5958,278,108,0.29
3552,172,70,0.37
3243,160,379,0.76
1748,105,529,0.81
3912,186,79,0.89
5083,238,315,0.17
2837,144,494,0.1
3032,151,510,0.2
2171,120,157,0.12
3790,181,324,0.9
1850,108,277,0.7
487,54,361,0.39
1688,102,418,0.18
2230,122,490,0.34
3473,169,378,0.23
4625,219,512,0.8
2320,126,140,0.21
782,68,290,0.74
521,56,246,0.35
522,56,367,0.37
5214,245,419,0.34
2939,148,365,0.87
4696,223,150,0.1
4842,229,445,0.31
2398,128,274,0.82
2207,121,95,0.67
5278,248,541,0.77
780,67,276,0.33
4703,223,125,0.21
4925,232,525,0.38
1511,95,124,0.85
1882,110,375,0.89
651,63,58,0.4
3971,189,374,0.21
1801,107,324,0.4
369,49,330,0.29
5251,247,437,0.17
3754,179,280,0.79
118,36,258,0.26
377,50,97,0.39
216,43,216,0.17
2216,122,280,0.75
4574,217,70,0.31
1613,99,448,0.33
2883,146,52,0.16
4309,204,526,0.3
5401,252,418,0.23
962,75,133,0.77
5417,253,519,0.87
2510,132,488,0.16
5650,262,424,0.23
4579,217,572,0.15
4022,192,529,0.76
359,49,292,0.21
1246,84,162,0.32
3408,166,397,0.4
4184,200,315,0.26
2415,129,352,0.32
5599,260,495,0.22
5079,238,582,0.2
2185,120,197,0.86
4020,191,502,0.27
2567,134,532,0.16
3423,167,562,0.35
2037,115,236,0.37
5112,239,249,0.17
772,67,566,0.4
1284,86,536,0.27
5532,257,587,0.33
3562,172,143,0.3
5700,263,33,0.22
2587,135,554,0.75
5501,256,477,0.18
1414,91,91,0.38
1234,83,359,0.75
3841,183,81,0.84
435,52,560,0.37
1674,102,27,0.37
3299,162,311,0.36
365,49,314,0.21
3764,180,331,0.67
231,44,385,0.28
5118,240,516,0.6
147,39,372,0.15
5284,248,552,0.65
3088,153,494,0.17
5767,266,568,0.29
3554,172,180,0.15
407,51,443,0.19
5558,258,75,0.67
3456,168,305,0.36
2090,117,222,0.36
86,34,308,0.25
3576,173,35,0.33
3271,161,36,0.22
844,70,390,0.22
1031,77,163,0.23
4522,214,249,0.28
4343,206,71,0.1
3878,185,82,0.67
2987,150,384,0.62
5597,260,76,0.85
2628,137,503,0.26
4905,232,248,0.34
4786,227,84,0.63
855,70,155,0.63
3003,150,112,0.36
78,33,269,0.13
2992,150,565,0.39
2247,123,312,0.38
4082,195,84,0.89
5495,256,449,0.1
5807,268,313,0.11
758,67,425,0.37
4121,197,296,0.19
3355,163,171,0.21
788,68,93,0.39
2279,124,352,0.39
3697,177,491,0.32
5234,246,278,0.29
4993,235,469,0.36
4789,227,199,0.14
3631,175,203,0.28
4500,213,181,0.12
3779,180,509,0.85
2176,120,448,0.11
424,51,450,0.33
392,50,278,0.18
5891,271,108,0.19
5686,263,75,0.78
2239,122,102,0.66
104,35,387,0.28
2672,139,316,0.2
5505,256,242,0.18
3666,176,496,0.11
2068,116,97,0.7
4477,212,285,0.39
3493,169,82,0.85
1948,112,129,0.33
1459,93,167,0.36
1768,105,517,0.3
3298,162,577,0.25
5195,244,92,0.38
5430,253,19,0.24
5763,266,227,0.33
1587,98,112,0.68
4655,221,186,0.36
1731,104,458,0.14
6018,285,101,0.12
5280,248,536,0.72
182,42,562,0.28
1791,106,381,0.6
2355,127,155,0.24
1940,111,104,0.68
702,65,175,0.32
2442,130,236,0.16
5790,267,565,0.28
496,55,134,0.23
4679,222,27,0.19
464,53,43,0.22
5574,259,437,0.37
5200,245,88,0.84
172,41,359,0.39
2020,114,103,0.7
5772,266,500,0.1
5358,250,251,0.29
2540,133,83,0.33
5972,280,426,0.29
2009,114,353,0.14
2260,123,378,0.6
3084,153,574,0.27
2112,118,572,0.25
900,72,415,0.31
1446,93,139,0.3
1911,110,423,0.1
3542,171,194,0.28
2697,140,72,0.79
4039,192,249,0.3
3662,176,459,0.4
741,66,145,0.71
2293,125,558,0.31
2452,131,100,0.14
3728,178,202,0.16
4913,232,448,0.37
1206,83,265,0.77
509,55,157,0.15
4988,235,549,0.14
4035,192,159,0.11
3992,190,441,0.38
5451,254,314,0.38
1549,97,88,0.12
3029,151,236,0.25
4537,214,222,0.12
2202,121,238,0.37
2566,134,532,0.39
5123,240,296,0.34
2044,115,272,0.66
767,67,79,0.25
5871,270,580,0.27
3699,177,419,0.15
1508,95,76,0.27
3134,155,128,0.33
5857,270,254,0.27
421,51,111,0.17
123,37,425,0.24
4996,235,302,0.14
5244,247,44,0.26
3292,162,530,0.76
819,69,499,0.3
1403,90,548,0.26
1382,89,480,0.34
2148,119,346,0.14
5060,237,460,0.37
1575,98,27,0.32
1638,100,173,0.19
1795,106,281,0.37
3331,162,477,0.3
5793,267,557,0.18
5356,250,61,0.16
399,50,221,0.16
3151,155,513,0.88
2310,125,101,0.8
882,71,567,0.4
3565,172,300,0.76
5989,281,520,0.26
1179,82,553,0.14
1352,88,57,0.62
4015,191,385,0.14
5475,255,575,0.1
2130,118,479,0.25
982,75,533,0.31
456,53,377,0.3
1486,95,389,0.87
1079,78,357,0.89
1950,112,497,0.29
5174,243,231,0.34
689,64,352,0.26
2429,129,385,0.1
641,63,454,0.34
2392,128,250,0.36
2825,144,353,0.26
1953,112,547,0.36
3538,171,201,0.16
5508,256,390,0.31
3058,152,507,0.2
3939,188,84,0.88
4505,213,468,0.32
2710,140,238,0.11
1083,79,268,0.84
4462,211,241,0.11
5736,265,68,0.66
5468,255,382,0.25
1884,110,451,0.2
4873,230,22,0.18
389,50,470,0.35
2494,132,183,0.15
1851,108,526,0.22
3036,151,90,0.72
5382,251,168,0.12
3603,174,289,0.7
845,70,372,0.26
542,57,245,0.37
3724,178,544,0.23
91,34,238,0.19
3679,177,425,0.27
5662,262,549,0.1
4270,203,126,0.36
1979,113,280,0.86
3244,160,359,0.9
4002,190,472,0.2
3150,155,521,0.79
5009,235,271,0.33
4118,197,336,0.32
4375,207,371,0.35
2964,149,86,0.69
3463,168,82,0.9
2529,133,460,0.29
4122,197,111,0.35
1676,102,82,0.36
1048,78,288,0.6
2949,148,199,0.3
1960,112,307,0.15
2530,133,502,0.31
6015,284,487,0.31
4919,232,92,0.35
4449,211,520,0.74
237,44,290,0.19
4163,199,368,0.24
4539,214,427,0.24
1133,80,113,0.1
2880,146,79,0.73
1805,107,310,0.22
4974,234,428,0.16
163,40,511,0.27
5238,246,168,0.16
5726,264,192,0.26
5668,262,571,0.29
4442,210,93,0.24
4512,213,221,0.32
4340,205,170,0.38
265,45,535,0.34
2001,113,19,0.26
1811,107,443,0.26
3277,161,233,0.26
3870,184,380,0.15
2978,149,114,0.33
4274,203,270,0.11
2906,147,79,0.74
4304,204,427,0.12
5517,257,263,0.19
1428,91,129,0.67
398,50,233,0.24
3988,190,567,0.36
5021,236,191,0.29
947,74,163,0.21
3078,153,364,0.79
3138,155,182,0.1
5367,251,195,0.21
4939,233,526,0.4
5593,260,173,0.38
5164,242,556,0.39
3229,159,230,0.28
4019,191,94,0.39
1452,93,549,0.39
593,60,536,0.27
2725,141,174,0.37
41,28,476,0.36
560,58,427,0.11
4847,229,236,0.18
4137,198,350,0.2
489,54,519,0.29
243,44,451,0.39
3172,156,413,0.32
1339,88,196,0.29
3960,189,529,0.65
5198,244,554,0.18
405,50,388,0.28
1442,92,77,0.13
261,45,215,0.37
3936,188,462,0.12
3537,171,303,0.3
5488,256,356,0.33
1689,102,118,0.87
3478,169,285,0.6
1725,104,180,0.34
1203,83,108,0.75
834,70,42,0.71
1866,109,335,0.16
2496,132,190,0.26
3016,150,28,0.11
4526,214,296,0.4
2010,114,315,0.29
3955,188,400,0.19
340,48,480,0.23
5394,252,547,0.7
1601,99,575,0.21
2796,143,307,0.24
4865,230,459,0.13
5651,262,362,0.4
480,54,477,0.26
3875,184,475,0.1
3725,178,570,0.17
4025,192,51,0.4
2785,142,39,0.15
1523,96,534,0.35
3621,175,161,0.11
4481,212,433,0.37
5339,250,519,0.89
5580,259,487,0.24
5665,262,562,0.29
799,68,78,0.11
1766,105,507,0.19
5383,251,131,0.32
3025,151,241,0.26
2453,131,67,0.88
4358,206,123,0.11
4755,225,362,0.23
4871,230,212,0.27
3704,177,82,0.62
5782,267,379,0.33
363,49,309,0.29
1271,85,67,0.2
2003,114,379,0.63
5414,253,536,0.1
4259,203,353,0.13
5644,261,18,0.13
5729,265,378,0.14
347,49,113,0.38
3350,163,503,0.4
4796,227,413,0.3
3613,174,129,0.21
5559,258,92,0.12
2562,134,274,0.68
3027,151,169,0.24
4194,200,136,0.4
5518,257,450,0.38
1423,91,156,0.29
656,63,22,0.25
3083,153,54,0.3
5544,258,99,0.3
2102,117,70,0.7
632,62,355,0.2
4876,230,525,0.28
2493,132,401,0.83
2665,138,17,0.22
4352,206,140,0.39
5986,280,388,0.21
4417,209,420,0.12
4772,226,455,0.16
2334,126,492,0.2
3548,171,79,0.86
4609,218,148,0.12
2500,132,566,0.23
3619,174,152,0.34
1465,94,27,0.38
3964,189,181,0.27
4038,192,250,0.16
4862,230,453,0.3
115,36,363,0.32
1821,107,65,0.62
1494,95,322,0.28
2401,128,99,0.69
3874,184,108,0.17
1232,83,86,0.11
2661,138,335,0.26
2817,143,559,0.37
4093,195,506,0.63
5498,256,123,0.29
1153,81,157,0.27
3909,186,129,0.29
4776,226,481,0.13
5345,250,583,0.14
57,29,168,0.29
4482,212,476,0.27
3883,185,408,0.18
3061,152,380,0.82
5140,241,332,0.39
5959,278,160,0.23
1735,104,395,0.87
5421,253,246,0.28
2823,144,354,0.14
2196,121,351,0.25
159,40,473,0.38
5099,239,518,0.85
2475,131,502,0.1
2564,134,169,0.15
4308,204,461,0.17
5065,237,478,0.32
4153,199,567,0.1
2608,136,100,0.86
4652,221,547,0.32
707,65,251,0.26
3046,152,392,0.77
5342,250,44,0.33
1093,79,404,0.19
4590,217,148,0.38
1376,89,111,0.78
5922,274,119,0.32
72,32,397,0.19
1922,111,481,0.3
4775,226,27,0.38
4319,205,569,0.29
1764,105,418,0.24
743,66,101,0.1
4099,195,469,0.21
1005,76,179,0.29
2668,139,521,0.89
1190,82,447,0.13
5426,253,20,0.26
2601,136,227,0.26
1125,80,379,0.16
1241,84,73,0.33
4063,193,332,0.35
5461,254,494,0.34
4960,234,202,0.24
5672,262,200,0.33
3351,163,414,0.2
998,76,563,0.32
4475,212,371,0.27
3824,182,291,0.31
4008,191,71,0.17
5646,261,74,0.17
2684,139,443,0.36
5624,261,448,0.3
1577,98,69,0.23
3906,186,409,0.12
3729,178,251,0.12
3668,176,477,0.24
5764,266,44,0.12
1826,108,399,0.74
1343,88,492,0.37
6008,283,66,0.24
5231,246,389,0.32
4967,234,481,0.26
440,52,254,0.17
5965,278,476,0.74
1100,79,41,0.67
2637,137,453,0.28
4231,202,253,0.37
649,63,385,0.37
1546,96,61,0.79
3231,159,156,0.35
4504,213,451,0.33
5541,258,361,0.34
4589,217,421,0.26
4159,199,334,0.31
2852,145,385,0.9
3503,169,562,0.13
4326,205,320,0.31
4706,224,327,0.37
630,62,173,0.11
672,64,204,0.17
1249,84,517,0.2
4103,196,252,0.14
482,54,404,0.31
1584,98,173,0.28
4247,202,94,0.39
5563,258,190,0.39
5802,267,166,0.4
1462,93,131,0.68
3040,151,423,0.16
4041,192,380,0.17
4634,220,34,0.32
4826,228,53,0.36
4626,219,73,0.81
5997,281,379,0.26
3273,161,341,0.25
3238,159,58,0.33
3131,154,83,0.61
3683,177,317,0.76
2578,135,352,0.21
4745,225,174,0.38
49,29,337,0.21
5141,241,333,0.18
4230,202,261,0.16
858,70,568,0.35
3225,159,344,0.16
1072,78,115,0.29
719,65,517,0.36
2199,121,210,0.28
2631,137,541,0.25
5872,270,215,0.17
1660,101,115,0.76
1656,101,446,0.35
2425,129,434,0.2
4564,216,545,0.28
5070,237,178,0.24
5990,281,492,0.29
4418,209,111,0.35
3097,153,71,0.81
3976,189,97,0.39
5386,251,293,0.17
5901,272,215,0.39
5718,264,568,0.22
3189,157,225,0.25
3989,190,430,0.21
2934,147,405,0.27
4956,234,557,0.66
4271,203,130,0.29
2606,136,376,0.68
1385,89,135,0.65
4768,226,454,0.37
1399,90,479,0.12
1195,82,346,0.86
1408,90,58,0.71
1845,108,483,0.12
1798,107,574,0.26
3957,188,27,0.15
1475,94,504,0.36
35,28,350,0.33
444,52,567,0.35
2359,127,493,0.15
3654,176,562,0.37
3179,156,474,0.23
1286,86,521,0.16
4668,222,545,0.39
3416,166,80,0.88
2137,118,513,0.71
2636,137,417,0.19
4016,191,367,0.35
5819,268,337,0.12
1681,102,321,0.16
4374,207,290,0.39
1692,102,485,0.61
4438,210,515,0.62
4792,227,497,0.32
3635,175,117,0.34
372,49,258,0.39
4620,219,334,0.19
140,38,134,0.1
5610,261,378,0.23
714,65,432,0.16
3188,157,267,0.19
5688,263,585,0.16
4725,224,204,0.1
406,50,567,0.1
20,27,363,0.33
1004,76,178,0.37
2411,129,560,0.15
2545,134,530,0.81
2390,128,352,0.33
4834,229,559,0.1
42,28,499,0.18
2830,144,199,0.17
3371,164,507,0.2
3022,151,329,0.26
3364,164,36,0.24
11,25,379,0.24
1177,82,70,0.27
1947,112,374,0.15
2501,132,301,0.39
2863,145,156,0.36
3865,184,85,0.62
1026,77,73,0.26
3848,183,96,0.14
2989,150,530,0.73
961,75,295,0.35
2889,146,161,0.3
3015,150,20,0.18
3338,163,65,0.15
4244,202,123,0.12
735,66,177,0.25
1440,92,369,0.61
2875,145,28,0.28
3986,190,543,0.31
916,73,192,0.25
5018,236,50,0.38
4089,195,80,0.64
5561,258,213,0.16
4701,223,74,0.87
2772,142,234,0.26
1624,100,69,0.34
4770,226,374,0.37
821,69,539,0.32
1367,89,222,0.17
3712,177,510,0.72
5410,252,129,0.17
850,70,124,0.12
1000,76,544,0.2
4473,212,275,0.36
4114,197,517,0.69
1637,100,208,0.34
1667,102,358,0.31
3173,156,507,0.15
4576,217,34,0.38
1347,88,116,0.61
4698,223,398,0.15
3230,159,182,0.33
4224,202,522,0.72
4622,219,430,0.32
3232,159,500,0.22
4917,232,121,0.24
703,65,189,0.3
4797,227,299,0.17
3291,162,289,0.82
3673,176,152,0.26
2408,129,386,0.65
1327,87,22,0.27
5606,261,87,0.66
4927,233,67,0.34
5321,249,25,0.37
986,75,54,0.73
5460,254,479,0.4
5812,268,324,0.3
5444,254,346,0.21
4049,193,36,0.19
3485,169,421,0.29
2474,131,494,0.23
3873,184,40,0.34
1198,82,54,0.62
4181,200,568,0.13
1518,96,120,0.73
1799,107,572,0.1
1014,76,48,0.85
128,37,514,0.35
1364,89,557,0.32
5085,238,424,0.32
891,72,553,0.25
2793,143,329,0.19
5049,236,293,0.16
5737,265,67,0.62
5157,242,26,0.11
3249,160,56,0.26
1208,83,268,0.89
3868,184,236,0.19
4065,193,474,0.24
5587,260,89,0.83
1239,84,73,0.14
2289,125,273,0.64
2740,141,224,0.28
275,46,129,0.15
1035,77,493,0.22
1229,83,496,0.37
1008,76,493,0.11
3828,183,316,0.26
2532,133,506,0.19
1058,78,565,0.24
4466,212,88,0.74
281,46,362,0.21
1043,77,398,0.65
1316,87,237,0.1
968,75,552,0.15
2381,128,29,0.12
4803,227,213,0.25
1939,111,382,0.87
4314,205,63,0.15
1274,85,110,0.16
619,62,296,0.77
4368,207,461,0.35
1742,104,116,0.88
1390,90,27,0.12
4896,231,200,0.23
1579,98,306,0.39
1655,101,319,0.16
3568,172,72,0.75
2352,127,262,0.15
2212,121,114,0.73
5988,281,428,0.37
3178,156,58,0.1
3192,157,84,0.63
1307,86,138,0.83
575,58,329,0.1
2360,127,493,0.21
1280,86,326,0.7
5696,263,113,0.33
4977,235,51,0.21
1993,113,441,0.38
2639,137,95,0.9
269,46,73,0.29
629,62,212,0.2
4458,211,256,0.22
3081,153,40,0.38
3466,168,512,0.9
5250,247,424,0.11
4023,192,409,0.16
2046,116,100,0.75
4726,224,238,0.38
2113,118,308,0.19
27,28,339,0.24
2040,115,434,0.24
3928,187,125,0.29
5441,254,103,0.36
3216,158,523,0.34
3814,182,497,0.4
129,37,433,0.32
4461,211,82,0.66
5912,273,559,0.17
13,25,393,0.17
5158,242,32,0.22
1525,96,512,0.21
2365,127,452,0.25
3052,152,345,0.23
4005,191,527,0.83
2340,126,376,0.18
374,49,411,0.28
4386,207,151,0.24
5168,243,373,0.21
939,74,64,0.37
5766,266,567,0.28
2147,119,325,0.2
3591,173,298,0.9
5925,274,74,0.35
5057,237,519,0.7
3623,175,291,0.85
529,56,82,0.19
3714,177,359,0.18
1269,85,120,0.67
4281,204,202,0.12
1394,90,558,0.4
4009,191,56,0.19
1797,107,191,0.21
2979,149,87,0.79
1441,92,67,0.3
5747,265,154,0.16
5873,270,108,0.3
3811,182,298,0.21
1273,85,424,0.27
1712,103,415,0.17
955,74,512,0.24
4456,211,213,0.35
4810,228,499,0.16
5319,249,123,0.11
403,50,377,0.17
2071,116,517,0.7
5723,264,155,0.28
1977,113,59,0.76
158,40,562,0.26
3888,185,114,0.31
902,72,554,0.21
352,49,99,0.38
4130,198,570,0.12
754,66,329,0.62
2971,149,502,0.28
5995,281,309,0.24
2920,147,216,0.27
311,47,342,0.27
661,64,38,0.87
1989,113,357,0.18
3665,176,407,0.4
306,47,565,0.4
2335,126,493,0.13
2356,127,162,0.2
3702,177,500,0.35
3804,182,352,0.22
1927,111,315,0.1
3427,167,202,0.12
749,66,94,0.22
3638,175,295,0.68
4377,207,328,0.24
1266,85,489,0.36
4567,216,494,0.38
5317,249,468,0.11
3595,173,510,0.61
2134,118,98,0.84
4109,196,110,0.38
514,55,76,0.26
5381,251,153,0.37
409,51,209,0.24
4489,212,154,0.39
6000,281,393,0.36
5955,278,560,0.18
5210,245,317,0.4
207,43,562,0.28
458,53,201,0.16
2054,116,560,0.38
2430,129,544,0.27
250,45,187,0.14
5135,241,459,0.28
1107,79,148,0.87
4878,231,518,0.87
1713,103,517,0.26
3911,186,79,0.77
715,65,489,0.2
552,57,445,0.3
1439,92,479,0.11
2270,124,574,0.39
3144,155,507,0.35
5752,265,353,0.3
1925,111,510,0.8
634,62,133,0.32
316,47,354,0.35
5657,262,469,0.25
427,52,447,0.39
4467,212,521,0.63
105,35,371,0.36
3041,151,441,0.13
4238,202,329,0.21
2169,120,354,0.15
1709,103,231,0.35
89,34,278,0.15
2241,122,71,0.85
3174,156,276,0.6
5456,254,142,0.32
1949,112,377,0.83
4044,192,489,0.3
2848,144,17,0.15
1,18,480,0.17
4337,205,108,0.35
935,74,263,0.88
5149,242,397,0.22
2720,140,92,0.83
591,60,313,0.63
4511,213,221,0.38
2936,148,86,0.79
2448,130,98,0.68
1576,98,79,0.15
5020,236,193,0.21
213,43,295,0.15
778,67,365,0.16
3496,169,304,0.72
5654,262,461,0.33
2043,115,113,0.68
5458,254,58,0.26
1567,97,122,0.75
165,40,336,0.18
3566,172,520,0.71
4606,218,25,0.3
2013,114,421,0.12
273,46,156,0.29
3860,184,442,0.11
4167,199,81,0.86
5312,249,518,0.86
3788,181,82,0.65
394,50,282,0.38
583,59,181,0.16
6005,282,280,0.11
5584,260,91,0.18
5762,266,226,0.11
520,56,162,0.24
1763,105,194,0.23
1875,109,139,0.1
3965,189,198,0.29
3344,163,241,0.26
2253,123,493,0.21
3224,159,301,0.29
526,56,110,0.31
2946,148,337,0.13
3899,186,543,0.13
692,65,267,0.87
5695,263,172,0.32
3633,175,405,0.14
1050,78,445,0.27
590,60,319,0.72
519,56,245,0.2
3380,164,560,0.14
3676,176,95,0.29
4953,234,553,0.71
1607,99,421,0.13
3610,174,300,0.12
5749,265,213,0.35
1809,107,225,0.31
791,68,64,0.25
792,68,562,0.19
4943,234,512,0.88
1855,109,548,0.35
1980,113,386,0.9
3233,159,438,0.34
3598,173,340,0.33
933,74,266,0.87
3963,189,183,0.4
5733,265,79,0.77
4179,200,553,0.2
4026,192,229,0.34
4116,197,552,0.2
988,75,152,0.73
5689,263,587,0.23
3453,168,52,0.39
5497,256,160,0.25
3778,180,162,0.26
5045,236,161,0.11
3093,153,381,0.68
3155,156,270,0.2
3201,158,267,0.4
4855,230,88,0.84
1098,79,411,0.22
4995,235,479,0.25
2844,144,413,0.33
886,72,442,0.28
5943,277,52,0.31
4667,222,50,0.28
515,56,52,0.28
5555,258,157,0.16
1453,93,164,0.31
3553,172,561,0.23
3609,174,576,0.14
2506,132,156,0.21
2994,150,347,0.17
3999,190,250,0.35
5709,264,75,0.62
906,72,154,0.62
28,28,331,0.37
2507,132,191,0.33
2428,129,75,0.77
762,67,566,0.33
3747,179,193,0.12
284,46,380,0.36
686,64,81,0.23
2353,127,168,0.35
4841,229,414,0.32
21,27,390,0.25
2752,141,272,0.66
885,72,345,0.89
917,73,220,0.27
1040,77,303,0.74
1265,85,414,0.34
5204,245,203,0.33
277,46,517,0.36
2084,117,308,0.4
1245,84,153,0.34
2382,128,38,0.35
571,58,46,0.12
1435,92,193,0.32
3902,186,187,0.36
1247,84,420,0.21
3526,170,519,0.38
2514,132,513,0.69
1007,76,468,0.19
5209,245,390,0.39
2064,116,426,0.35
5591,260,461,0.12
1690,102,63,0.65
5190,244,383,0.22
1985,113,336,0.19
294,47,46,0.21
1547,96,84,0.21
2012,114,152,0.12
588,59,334,0.3
3329,162,57,0.29
2403,128,384,0.37
2129,118,467,0.27
3998,190,182,0.11
5267,248,541,0.65
3741,179,82,0.2
3508,170,567,0.21
2719,140,93,0.72
4521,214,495,0.12
5481,255,241,0.19
5487,256,376,0.28
556,58,564,0.27
2469,131,258,0.38
3738,178,108,0.19
4286,204,501,0.29
5298,248,20,0.34
1716,103,70,0.19
2604,136,493,0.3
4959,234,232,0.4
1704,103,334,0.22
2139,118,71,0.69
3239,159,564,0.32
2383,128,42,0.11
4311,205,465,0.22
1285,86,523,0.2
5121,240,67,0.24
5377,251,397,0.13
3930,187,205,0.14
4552,215,108,0.33
1591,98,88,0.29
5329,250,572,0.37
2162,120,403,0.67
2396,128,444,0.36
317,47,358,0.25
5403,252,461,0.13
3111,154,33,0.33
4036,192,214,0.22
795,68,567,0.15
3020,151,52,0.22
1711,103,165,0.26
3387,165,472,0.28
36,28,389,0.16
4549,215,410,0.15
913,73,564,0.15
3972,189,518,0.88
4133,198,370,0.37
974,75,487,0.18
983,75,540,0.26
4908,232,338,0.28
1418,91,246,0.11
1560,97,175,0.32
4135,198,143,0.26
4265,203,300,0.26
1355,88,362,0.79
5712,264,91,0.31
987,75,92,0.4
2682,139,498,0.35
1640,100,511,0.89
1290,86,493,0.37
3681,177,287,0.84
1380,89,438,0.22
1933,111,316,0.15
5061,237,345,0.38
3160,156,30,0.25
2030,115,86,0.68
892,72,565,0.26
4069,194,555,0.29
4255,203,282,0.15
2,18,482,0.25
2109,118,531,0.7
849,70,560,0.17
2737,141,235,0.14
2466,131,327,0.34
1914,110,383,0.13
1596,99,277,0.84
1913,110,269,0.16
5673,262,168,0.13
2736,141,154,0.12
726,66,299,0.72
53,29,444,0.1
1796,107,64,0.68
3845,183,449,0.37
2553,134,145,0.19
2800,143,253,0.24
936,74,208,0.34
4957,234,560,0.75
824,69,513,0.39
4321,205,324,0.11
3401,166,65,0.24
1389,90,352,0.65
3564,172,269,0.75
884,72,265,0.68
1868,109,156,0.18
10,25,364,0.38
3415,166,512,0.89
1463,94,357,0.65
806,68,155,0.64
4731,225,553,0.31
4068,193,30,0.3
2108,118,519,0.85
5078,238,580,0.21
5971,280,103,0.3
2234,122,487,0.12
963,75,260,0.73
4494,212,238,0.26
2632,137,88,0.66
704,65,221,0.33
431,52,142,0.16
4388,208,332,0.2
145,39,559,0.2
2033,115,470,0.12
5046,236,32,0.15
1165,81,144,0.63
3500,169,27,0.1
2050,116,464,0.19
3760,180,145,0.24
2624,137,362,0.1
4484,212,487,0.39
4435,210,416,0.17
4794,227,401,0.16
4664,222,383,0.4
4361,206,27,0.19
2424,129,444,0.26
1262,85,244,0.1
1771,105,511,0.8
3511,170,427,0.39
271,46,119,0.33
244,44,457,0.37
5844,269,143,0.14
4572,216,130,0.11
2032,115,530,0.89
4756,225,269,0.34
813,69,482,0.4
3810,182,577,0.22
4884,231,233,0.37
1804,107,313,0.21
4346,206,337,0.36
2461,131,132,0.27
545,57,246,0.32
3241,160,289,0.64
738,66,359,0.23
310,47,354,0.4
3521,170,511,0.62
1131,80,477,0.32
5931,275,350,0.13
4111,196,42,0.13
2769,142,334,0.36
920,73,407,0.12
3587,173,392,0.15
3959,189,87,0.7
38,28,483,0.39
4459,211,244,0.38
4278,204,520,0.66
2983,149,521,0.76
6010,283,470,0.25
2667,139,530,0.74
3223,159,37,0.22
1182,82,532,0.24
614,61,356,0.14
5913,273,31,0.17
1466,94,85,0.1
4497,213,261,0.36
3042,151,71,0.89
934,74,302,0.82
2419,129,442,0.1
5431,253,24,0.21
4872,230,74,0.7
826,69,58,0.29
1521,96,511,0.15
2930,147,340,0.2
4232,202,206,0.26
628,62,210,0.29
4430,210,316,0.19
3853,184,544,0.4
390,50,463,0.3
4345,206,350,0.28
5874,270,30,0.11
3990,190,441,0.26
400,50,235,0.34
3359,163,81,0.86
46,28,511,0.21
5776,266,158,0.22
5934,275,85,0.37
3642,175,79,0.74
3726,178,570,0.35
5848,269,18,0.13
2421,129,450,0.29
1750,105,458,0.13
5822,268,166,0.35
4923,232,431,0.7
4062,193,123,0.32
338,48,338,0.22
215,43,237,0.26
3663,176,420,0.24
1341,88,428,0.15
5855,270,250,0.28
3894,186,291,0.86
3640,175,412,0.18
329,48,56,0.29
3004,150,103,0.33
5753,265,354,0.21
3115,154,338,0.21
5825,268,242,0.1
2322,126,48,0.23
4197,200,23,0.22
3549,172,315,0.76
1458,93,51,0.62
171,40,289,0.86
4203,201,517,0.85
5036,236,568,0.64
3569,172,432,0.26
4226,202,544,0.1
4904,232,565,0.35
4952,234,552,0.65
938,74,106,0.4
60,31,348,0.14
1240,84,92,0.17
5025,236,457,0.39
2120,118,255,0.33
1524,96,513,0.23
153,39,21,0.16
481,54,464,0.17
4460,211,79,0.66
3920,187,567,0.27
1762,105,244,0.34
750,66,153,0.8
1785,106,336,0.24
4501,213,244,0.13
2711,140,223,0.28
4861,230,460,0.32
4193,200,506,0.8
1333,88,152,0.18
5354,250,125,0.26
2854,145,36,0.2
186,42,564,0.31
1136,81,125,0.65
2058,116,340,0.19
5038,236,572,0.73
148,39,366,0.26
4124,197,498,0.16
3363,164,65,0.35
2866,145,507,0.19
3776,180,130,0.13
1386,89,362,0.66
5692,263,497,0.33
4975,235,84,0.62
3629,175,242,0.13
5416,253,532,0.81
3028,151,158,0.38
2969,149,250,0.24
5224,245,316,0.34
1708,103,227,0.22
2953,148,541,0.16
454,53,397,0.24
609,61,541,0.37
4263,203,281,0.21
5097,239,88,0.83
2074,116,118,0.86
4052,193,426,0.16
4889,231,324,0.18
1622,100,269,0.62
4683,222,486,0.17
5269,248,546,0.62
40,28,494,0.12
2089,117,186,0.29
3924,187,416,0.38
2175,120,473,0.2
74,32,270,0.21
4814,228,340,0.18
5941,277,228,0.2
2657,138,86,0.81
3180,157,79,0.13
2076,117,119,0.72
441,52,223,0.11
2051,116,193,0.27
2541,134,336,0.15
1301,86,63,0.33
3430,167,492,0.16
1304,86,87,0.35
236,44,312,0.17
5011,235,445,0.25
2599,136,250,0.38
4616,219,69,0.27
2573,135,560,0.25
3280,161,472,0.3
3186,157,345,0.14
3953,188,370,0.15
2768,142,322,0.33
4223,202,522,0.64
2106,118,273,0.62
2679,139,362,0.16
2761,141,524,0.34
4688,223,61,0.2
1387,90,270,0.62
5652,262,331,0.35
5446,254,314,0.25
1279,86,106,0.62
5903,272,16,0.23
1555,97,343,0.1
5658,262,456,0.24
3190,157,195,0.1
4566,216,495,0.11
4802,227,481,0.36
5647,261,74,0.15
3594,173,450,0.38
1920,111,528,0.65
513,55,80,0.26
4177,200,66,0.24
1308,87,271,0.81
914,73,560,0.4
3452,168,113,0.24
3695,177,425,0.38
4242,202,288,0.13
3156,156,272,0.34
2198,121,190,0.2
774,67,90,0.22
4425,210,50,0.29
943,74,505,0.34
822,69,540,0.18
4277,204,466,0.13
164,40,516,0.34
4547,215,155,0.16
3983,190,103,0.11
2538,133,30,0.32
5746,265,181,0.36
1311,87,65,0.38
5470,255,139,0.36
5013,235,430,0.2
5588,260,418,0.2
3300,162,312,0.27
3310,162,339,0.4
327,48,113,0.37
2490,132,79,0.83
5641,261,200,0.34
4408,209,47,0.19
832,69,155,0.76
3079,153,519,0.64
3462,168,472,0.27
5270,248,547,0.67
54,29,482,0.33
4064,193,330,0.33
3451,168,518,0.69
1901,110,478,0.26
1481,94,60,0.78
4150,199,67,0.33
3335,163,356,0.79
946,74,164,0.23
3293,162,126,0.33
2161,120,287,0.86
5557,258,44,0.25
3057,152,435,0.17
768,67,116,0.31
5661,262,545,0.26
3495,169,269,0.6
285,46,208,0.16
5951,278,554,0.26
4524,214,320,0.4
5351,250,252,0.38
2332,126,463,0.32
2717,140,338,0.36
2079,117,479,0.21
3389,165,82,0.69
722,66,267,0.71
951,74,494,0.18
5239,246,233,0.37
2262,123,72,0.69
989,75,316,0.71
3212,158,521,0.79
1759,105,322,0.19
4935,233,143,0.27
4422,210,419,0.2
1724,104,296,0.15
341,48,532,0.24
3701,177,397,0.14
4243,202,165,0.34
688,64,350,0.34
3432,167,440,0.32
966,75,104,0.36
5687,263,92,0.19
2203,121,445,0.32
2713,140,494,0.15
4757,225,486,0.31
5297,248,167,0.14
5506,256,243,0.21
3572,173,311,0.65
4805,228,86,0.81
1990,113,330,0.18
4120,197,343,0.28
4759,225,421,0.36
4930,233,231,0.13
5713,264,82,0.37
5706,264,234,0.4
3600,174,290,0.8
5492,256,286,0.31
5996,281,291,0.37
4954,234,554,0.61
385,50,530,0.21
5245,247,87,0.74
5494,256,452,0.22
536,57,562,0.4
5830,268,228,0.29
4212,201,288,0.35
3507,170,425,0.21
201,43,472,0.11
1332,88,200,0.38
3502,169,561,0.22
2708,140,191,0.23
4662,221,517,0.29
4021,191,502,0.18
1854,109,568,0.2
5378,251,388,0.14
2872,145,446,0.23
3030,151,206,0.39
1205,83,283,0.7
1645,101,285,0.9
3417,166,27,0.24
3476,169,278,0.35
2861,145,353,0.22
1792,106,142,0.1
3797,181,569,0.21
3368,164,308,0.17
3367,164,300,0.4
3533,171,530,0.61
5930,274,27,0.25
3449,168,83,0.26
603,61,37,0.83
3056,152,495,0.3
5229,246,428,0.2
126,37,505,0.31
3876,185,294,0.12
2935,148,72,0.3
4451,211,35,0.27
3531,171,297,0.87
2730,141,301,0.39
827,69,80,0.13
1639,100,52,0.84
984,75,142,0.62
3281,161,88,0.69
5987,280,399,0.33
2188,121,520,0.79
5543,258,88,0.62
2443,130,180,0.34
362,49,305,0.38
2349,127,548,0.38
345,49,207,0.3
814,69,454,0.22
4807,228,84,0.87
3205,158,203,0.13
4994,235,477,0.2
5771,266,499,0.11
3325,162,112,0.36
4106,196,85,0.88
2116,118,343,0.11
1834,108,572,0.18
793,68,490,0.29
5960,278,185,0.25
2674,139,332,0.39
94,34,334,0.24
4225,202,410,0.21
3756,179,520,0.72
2891,146,492,0.22
2371,127,19,0.21
4981,235,575,0.15
5330,250,311,0.1
3228,159,257,0.38
5362,250,320,0.19
2853,145,132,0.23
2912,147,526,0.68
1865,109,317,0.17
4612,218,426,0.4
1857,109,323,0.26
2645,138,396,0.69
2243,122,414,0.3
2336,126,463,0.28
950,74,400,0.17
3068,152,513,0.63
1120,80,565,0.25
2597,136,301,0.19
2204,121,422,0.33
419,51,237,0.15
922,73,325,0.78
1254,84,360,0.69
477,54,520,0.14
2035,115,318,0.19
1202,82,287,0.22
2626,137,219,0.2
5796,267,133,0.33
1970,112,96,0.65
3110,154,531,0.83
4018,191,404,0.33
2151,119,182,0.31
3687,177,530,0.67
4916,232,209,0.26
1997,113,75,0.3
4033,192,499,0.39
5907,273,295,0.1
3054,152,250,0.15
1248,84,487,0.33
2192,121,319,0.28
2712,140,224,0.33
992,75,330,0.82
2190,121,556,0.29
4670,222,576,0.19
3762,180,83,0.78
3597,173,340,0.38
4711,224,544,0.37
1318,87,430,0.13
1863,109,325,0.13
2343,127,92,0.9
2449,130,77,0.8
2136,118,136,0.17
1065,78,468,0.36
5975,280,60,0.15
4227,202,554,0.33
2621,137,302,0.16
77,33,305,0.22
2898,146,521,0.86
4820,228,246,0.33
1314,87,578,0.32
5924,274,68,0.13
872,71,77,0.11
3850,184,291,0.86
5761,266,218,0.39
2965,149,49,0.21
3391,165,82,0.66
2560,134,439,0.27
5900,272,323,0.22
2635,137,86,0.68
3530,171,290,0.89
375,50,113,0.21
1908,110,120,0.61
4429,210,324,0.34
5199,245,199,0.34
5257,247,486,0.15
4027,192,403,0.4
1604,99,338,0.4
1118,80,95,0.27
3677,176,477,0.76
3490,169,412,0.2
5859,270,229,0.16
2958,148,455,0.21
1994,113,394,0.67
5970,279,336,0.32
5223,245,218,0.29
2376,128,287,0.76
1342,88,447,0.29
320,47,203,0.16
1619,100,56,0.77
3713,177,22,0.28
2060,116,347,0.33
2219,122,34,0.2
1673,102,35,0.4
260,45,208,0.38
5309,249,558,0.88
2039,115,493,0.22
4785,227,88,0.7
901,72,477,0.26
3744,179,430,0.21
2026,114,90,0.27
4234,202,395,0.29
1917,110,526,0.14
1828,108,493,0.24
1573,98,267,0.8
4415,209,151,0.3
4749,225,74,0.76
5277,248,543,0.6
4654,221,199,0.33
4208,201,269,0.32
4627,219,27,0.32
224,44,56,0.1
723,66,282,0.67
5398,252,585,0.37
1141,81,355,0.78
2762,142,291,0.8
846,70,493,0.24
4289,204,163,0.25
5042,236,188,0.34
2551,134,162,0.17
2928,147,330,0.38
117,36,279,0.24
645,63,560,0.14
3,18,491,0.27
4170,199,327,0.4
467,53,519,0.17
5,19,99,0.8
919,73,396,0.4
2595,136,135,0.34
4324,205,163,0.27
1063,78,412,0.19
2590,136,95,0.78
242,44,166,0.11
5230,246,399,0.18
1160,81,464,0.27
2870,145,411,0.29
3735,178,507,0.21
2397,128,93,0.74
3517,170,157,0.13
3421,167,453,0.34
2563,134,520,0.68
1605,99,247,0.13
5808,268,313,0.12
2324,126,562,0.14
2709,140,153,0.25
5283,248,542,0.64
1312,87,571,0.34
3448,167,471,0.35
3812,182,259,0.22
5694,263,131,0.1
2362,127,495,0.36
1975,112,67,0.66
3514,170,550,0.27
1761,105,175,0.13
2739,141,211,0.33
5607,261,104,0.33
2472,131,238,0.23
4007,191,103,0.37
4718,224,466,0.29
1493,95,320,0.13
4206,201,215,0.38
2158,119,97,0.84
1169,82,124,0.86
5435,254,195,0.34
232,44,388,0.4
66,31,512,0.19
1603,99,518,0.72
3283,161,521,0.8
3596,173,30,0.4
4632,220,524,0.81
125,37,275,0.19
1296,86,504,0.33
1976,112,403,0.19
5436,254,363,0.24
5977,280,243,0.3
2075,117,52,0.16
4580,217,278,0.31
3086,153,235,0.33
5213,245,387,0.31
3345,163,215,0.13
5373,251,520,0.76
2797,143,359,0.11
918,73,235,0.21
1646,101,362,0.62
5122,240,295,0.35
5126,240,456,0.15
4978,235,569,0.4
4621,219,376,0.3
364,49,313,0.23
3287,161,474,0.36
2125,118,424,0.1
4123,197,455,0.36
4569,216,481,0.4
525,56,123,0.36
4821,228,129,0.34
55,29,473,0.16
638,63,268,0.86
302,47,163,0.15
2766,142,34,0.33
1276,85,139,0.73
4720,224,412,0.3
2055,116,301,0.28
5145,241,348,0.27
4432,210,270,0.2
3644,175,432,0.35
4143,198,26,0.29
2878,146,159,0.29
4202,201,519,0.64
5175,243,389,0.38
2286,124,129,0.23
2261,123,513,0.81
2296,125,317,0.18
1753,105,575,0.18
1968,112,435,0.18
5219,245,156,0.12
3117,154,146,0.35
2393,128,196,0.39
523,56,46,0.1
3900,186,559,0.19
5612,261,418,0.34
4699,223,512,0.81
5433,253,309,0.18
3122,154,497,0.13
4156,199,337,0.31
1969,112,395,0.86
671,64,566,0.31
4188,200,217,0.15
666,64,423,0.22
5205,245,403,0.36
1887,110,27,0.26
3266,161,287,0.72
280,46,414,0.24
1719,104,362,0.73
2947,148,237,0.21
4455,211,211,0.13
899,72,494,0.35
5838,269,586,0.16
760,67,564,0.21
1906,110,109,0.89
4042,192,372,0.15
3823,182,278,0.34
4138,198,341,0.1
3818,182,162,0.37
4300,204,271,0.14
2593,136,531,0.83
4164,199,359,0.23
3031,151,473,0.15
3579,173,557,0.21
2832,144,452,0.29
3472,169,82,0.2
137,38,514,0.14
4892,231,210,0.16
2180,120,273,0.63
2128,118,412,0.24
3177,156,513,0.61
4854,229,453,0.15
4637,220,189,0.39
5115,239,322,0.17
5240,246,341,0.39
4261,203,180,0.19
4344,206,292,0.15
1331,87,274,0.32
2017,114,427,0.24
4542,215,255,0.17
2482,131,131,0.15
1358,88,352,0.21
1329,87,137,0.7
5933,275,544,0.36
2150,119,357,0.31
4530,214,416,0.18
2122,118,169,0.25
4673,222,79,0.74
3981,190,86,0.67
1252,84,55,0.67
3278,161,457,0.2
3374,164,270,0.87
2814,143,321,0.23
4719,224,397,0.17
1848,108,119,0.78
4858,230,584,0.24
3037,151,87,0.65
388,50,501,0.37
235,44,370,0.29
1077,78,351,0.61
1984,113,45,0.29
4363,206,403,0.22
3962,189,543,0.3
770,67,131,0.21
2165,120,142,0.4
4533,214,459,0.36
673,64,174,0.13
249,45,185,0.23
1574,98,148,0.27
3419,166,463,0.19
2081,117,558,0.34
1823,108,525,0.34
5570,259,351,0.17
5760,266,419,0.16
4544,215,35,0.35
716,65,146,0.87
5364,250,506,0.13
5619,261,92,0.39
2048,116,287,0.79
5264,248,519,0.86
4178,200,552,0.15
4809,228,561,0.16
2724,140,405,0.34
5440,254,528,0.74
1460,93,104,0.34
1668,102,58,0.61
2756,141,92,0.8
2000,113,108,0.78
4571,216,461,0.22
4613,219,86,0.37
404,50,378,0.12
384,50,513,0.19
5405,252,20,0.35
2152,119,426,0.29
1633,100,305,0.34
5514,257,316,0.25
4784,227,496,0.23
3925,187,502,0.1
4158,199,335,0.39
4948,234,509,0.86
223,44,31,0.16
2193,121,302,0.18
3136,155,346,0.27
4469,212,36,0.34
1824,108,357,0.33
5529,257,92,0.13
5124,240,401,0.38
4972,234,229,0.89
797,68,361,0.33
2871,145,412,0.36
9,25,369,0.25
1944,111,94,0.24
1838,108,357,0.11
4804,227,148,0.11
255,45,382,0.27
4485,212,403,0.12
5422,253,89,0.83
1581,98,300,0.16
2956,148,337,0.3
924,73,94,0.19
5327,250,562,0.19
2508,132,412,0.38
5024,236,459,0.34
5320,249,74,0.85
3775,180,114,0.37
4835,229,267,0.3
4136,198,123,0.27
4964,234,164,0.33
2779,142,553,0.35
539,57,560,0.26
2745,141,501,0.24
5411,252,156,0.38
5854,270,251,0.28
1145,81,100,0.13
5127,240,439,0.22
4468,212,71,0.16
667,64,219,0.31
3019,151,429,0.34
357,49,368,0.34
5063,237,454,0.39
2831,144,224,0.21
2783,142,444,0.18
1353,88,94,0.12
5131,241,519,0.73
470,53,21,0.28
2703,140,47,0.17
3330,162,430,0.38
3637,175,118,0.11
1396,90,246,0.16
3584,173,301,0.3
5399,252,301,0.14
5262,248,511,0.73
3376,164,467,0.34
1256,85,270,0.65
3512,170,507,0.29
1250,84,43,0.79
5348,250,378,0.23
5785,267,366,0.18
4298,204,302,0.31
3284,161,512,0.73
2933,147,20,0.31
4175,199,99,0.25
5268,248,545,0.79
4910,232,409,0.32
1852,109,196,0.28
5632,261,534,0.14
5865,270,519,0.3
2105,118,106,0.7
133,38,210,0.12
5236,246,164,0.3
5029,236,475,0.36
928,73,154,0.86
823,69,533,0.1
5466,255,586,0.17
1531,96,569,0.21
1214,83,92,0.16
504,55,567,0.18
4285,204,328,0.16
1996,113,74,0.39
3072,152,378,0.25
1958,112,336,0.39
1384,89,85,0.22
894,72,240,0.18
4924,232,301,0.23
455,53,382,0.32
6014,284,495,0.27
3709,177,274,0.87
5553,258,234,0.37
4849,229,142,0.15
4748,225,123,0.18
4268,203,437,0.23
3522,170,40,0.18
4134,198,81,0.73
3602,174,285,0.77
713,65,358,0.21
4186,200,319,0.29
2214,121,560,0.39
5301,248,200,0.24
2923,147,439,0.27
1810,107,248,0.24
3486,169,457,0.16
3141,155,413,0.2
1827,108,532,0.79
1155,81,404,0.33
1324,87,164,0.28
4312,205,397,0.36
510,55,244,0.31
1680,102,330,0.3
499,55,491,0.36
5457,254,92,0.17
1856,109,572,0.17
1388,90,332,0.64
3719,178,84,0.77
2386,128,568,0.37
3236,159,271,0.84
1540,96,502,0.24
1217,83,530,0.39
2681,139,491,0.2
2993,150,557,0.32
1191,82,474,0.17
5293,248,389,0.38
1542,96,106,0.79
3301,162,315,0.3
3324,162,512,0.68
2539,133,78,0.73
953,74,389,0.3
4846,229,270,0.31
4330,205,516,0.68
732,66,115,0.13
6016,284,364,0.38
1156,81,411,0.12
5577,259,156,0.17
3294,162,57,0.22
2982,149,317,0.34
5305,249,493,0.78
5161,242,209,0.13
2156,119,507,0.18
1062,78,409,0.31
2616,137,476,0.17
1167,81,381,0.37
3222,159,59,0.19
3636,175,120,0.13
2938,148,383,0.9
4491,212,24,0.3
3140,155,495,0.11
4980,235,576,0.36
143,39,217,0.36
3577,173,561,0.38
4946,234,389,0.36
2782,142,273,0.65
717,65,101,0.24
1819,107,512,0.74
2502,132,352,0.35
4360,206,22,0.29
4171,199,481,0.37
395,50,286,0.15
5821,268,168,0.4
4492,212,28,0.35
1365,89,193,0.38
5483,256,510,0.89
595,60,167,0.31
3952,188,249,0.11
5392,252,195,0.23
4968,234,579,0.32
2914,147,321,0.33
2326,126,351,0.17
3766,180,306,0.67
3440,167,450,0.17
3851,184,290,0.85
4132,198,335,0.27
5519,257,443,0.39
2143,119,382,0.77
5550,258,448,0.24
5073,237,346,0.14
1571,98,114,0.35
4079,194,131,0.33
1122,80,156,0.13
2786,142,108,0.27
2967,149,323,0.34
2504,132,263,0.12
3465,168,415,0.4
675,64,191,0.26
2808,143,220,0.24
3348,163,497,0.38
728,66,466,0.26
412,51,115,0.33
3146,155,431,0.19
1516,95,363,0.22
825,69,382,0.14
3267,161,372,0.87
3974,189,73,0.84
616,61,82,0.2
114,35,467,0.64
417,51,255,0.25
3069,152,71,0.87
1625,100,557,0.11
5964,278,28,0.69
4185,200,303,0.27
2896,146,411,0.25
5622,261,501,0.3
2082,117,573,0.38
753,66,330,0.62
2546,134,42,0.21
3969,189,383,0.16
3373,164,146,0.4
4107,196,291,0.32
2444,130,491,0.21
4380,207,139,0.13
1066,78,488,0.25
3913,186,25,0.19
5287,248,564,0.62
5387,251,231,0.16
3498,169,520,0.8
2738,141,205,0.14
5052,236,305,0.21
4000,190,366,0.1
1568,97,21,0.39
2427,129,171,0.14
3746,179,187,0.16
5898,272,465,0.18
1687,102,159,0.4
851,70,125,0.35
3546,171,507,0.11
895,72,254,0.22
4592,217,212,0.33
335,48,563,0.16
2839,144,433,0.38
3087,153,234,0.37
4611,218,222,0.21
1348,88,68,0.14
1015,76,151,0.8
2816,143,63,0.27
1631,100,344,0.19
2489,132,396,0.23
3730,178,243,0.18
3251,160,167,0.17
5904,272,33,0.32
2070,116,274,0.84
4452,211,555,0.34
5882,271,243,0.29
5408,252,61,0.16
1635,100,210,0.35
4646,220,518,0.1
2479,131,459,0.4
2265,124,384,0.8
2959,148,471,0.25
5323,249,475,0.39
5693,263,133,0.12
3059,152,507,0.1
5053,237,202,0.34
2141,118,68,0.17
5104,239,384,0.17
3118,154,192,0.39
5188,244,242,0.29
5817,268,551,0.31
4045,192,506,0.61
3356,163,270,0.83
2744,141,495,0.15
5092,238,26,0.13
3506,170,521,0.63
1679,102,327,0.4
4249,202,153,0.29
3147,155,421,0.32
2294,125,341,0.28
580,59,163,0.18
1470,94,517,0.74
4799,227,241,0.22
4070,194,398,0.15
5308,249,550,0.65
3343,163,250,0.31
4992,235,422,0.22
4583,217,285,0.18
3672,176,408,0.4
559,58,420,0.33
5237,246,167,0.36
5215,245,454,0.13
2849,145,160,0.12
512,55,21,0.1
4729,225,67,0.36
1081,78,330,0.23
1664,101,152,0.17
1012,76,493,0.23
1931,111,350,0.26
1150,81,192,0.15
2838,144,507,0.22
116,36,359,0.29
740,66,359,0.31
5784,267,363,0.3
5177,243,352,0.38
3675,176,108,0.3
830,69,554,0.39
119,36,281,0.36
4752,225,475,0.17
5750,265,217,0.22
5702,263,270,0.11
5953,278,559,0.38
635,62,89,0.11
4465,211,221,0.12
4364,206,404,0.13
4142,198,139,0.1
991,75,324,0.72
876,71,181,0.35
4869,230,221,0.21
5315,249,432,0.23
5222,245,142,0.12
4,19,492,0.25
3051,152,347,0.2
3124,154,437,0.33
2660,138,325,0.21
2491,132,97,0.87
5173,243,270,0.15
3854,184,571,0.13
4933,233,370,0.36
4777,226,482,0.3
1715,103,105,0.61
1148,81,579,0.16
3261,160,179,0.78
574,58,21,0.28
3769,180,577,0.16
3736,178,271,0.73
4146,198,436,0.35
853,70,51,0.63
1982,113,462,0.34
2774,142,191,0.15
4929,233,571,0.18
5211,245,372,0.11
1166,81,385,0.39
971,75,183,0.1
2701,140,288,0.9
4495,213,544,0.4
3847,183,25,0.21
2368,127,91,0.87
4115,197,67,0.38
4780,226,375,0.24
4131,198,570,0.25
2950,148,439,0.25
5625,261,450,0.34
524,56,124,0.4
2455,131,286,0.86
5016,236,511,0.64
1841,108,209,0.36
537,57,517,0.39
2806,143,153,0.34
5596,260,59,0.32
4341,206,83,0.88
3175,156,272,0.73
784,68,468,0.23
4057,193,340,0.25
1409,91,48,0.62
2537,133,97,0.88
154,40,440,0.4
3009,150,316,0.24
1686,102,470,0.38
2901,146,20,0.14
5963,278,27,0.62
4721,224,132,0.13
3863,184,394,0.32
2733,141,361,0.25
1895,110,314,0.22
5442,254,424,0.21
569,58,489,0.11
1816,107,124,0.79
2065,116,468,0.21
127,37,530,0.39
3394,165,149,0.27
3327,162,81,0.78
6002,282,199,0.39
2975,149,543,0.1
980,75,450,0.34
2300,125,181,0.21
190,42,323,0.1
1139,81,364,0.9
5088,238,577,0.68
699,65,120,0.14
5751,265,345,0.35
606,61,308,0.76
4276,203,464,0.36
301,47,180,0.17
3420,167,83,0.77
5798,267,213,0.4
1060,78,163,0.19
2565,134,553,0.61
6013,284,499,0.17
1069,78,41,0.75
2524,133,352,0.22
2205,121,452,0.18
1243,84,236,0.11
16,27,303,0.35
3120,154,429,0.27
6004,282,513,0.26
4642,220,579,0.33
4754,225,200,0.36
815,69,227,0.35
3067,152,423,0.2
5756,265,370,0.3
5600,260,536,0.36
959,74,86,0.39
4893,231,145,0.28
225,44,75,0.13
3354,163,166,0.32
2485,131,20,0.16
562,58,205,0.12
3436,167,169,0.13
1693,103,112,0.2
1045,77,139,0.13
3446,167,37,0.1
4565,216,567,0.4
954,74,494,0.1
6001,281,374,0.23
2735,141,238,0.2
5908,273,295,0.3
4735,225,434,0.17
5801,267,25,0.14
1218,83,578,0.15
5254,247,255,0.36
5511,256,24,0.25
1527,96,537,0.38
3987,190,566,0.18
5944,277,43,0.32
1300,86,116,0.63
5893,271,29,0.26
5699,263,130,0.21
160,40,469,0.14
4067,193,73,0.71
956,74,549,0.32
3791,181,521,0.88
3234,159,500,0.22
2869,145,324,0.37
3777,180,169,0.23
4433,210,169,0.18
4973,234,429,0.14
2961,148,71,0.86
2200,121,218,0.4
98,35,550,0.2
5858,270,249,0.21
2557,134,502,0.24
3183,157,382,0.78
253,45,531,0.17
3923,187,252,0.3
4199,200,161,0.18
1445,92,566,0.19
5539,257,28,0.32
1648,101,559,0.19
4682,222,253,0.29
4723,224,475,0.25
3991,190,442,0.23
1696,103,83,0.12
3191,157,429,0.35
4499,213,270,0.4
1154,81,411,0.4
2255,123,424,0.35
1682,102,321,0.26
3170,156,502,0.33
2056,116,332,0.19
4090,195,82,0.9
5877,270,415,0.27
3108,154,291,0.67
4548,215,416,0.32
3723,178,58,0.18
5423,253,379,0.24
2049,116,531,0.64
4976,235,70,0.36
3643,175,72,0.86
5939,277,194,0.11
623,62,99,0.27
262,45,213,0.17
5730,265,240,0.16
3369,164,309,0.18
4061,193,85,0.78
5534,257,200,0.26
1802,107,325,0.22
4736,225,421,0.32
6011,283,362,0.22
2385,128,562,0.39
5759,266,304,0.27
1959,112,338,0.14
2976,149,381,0.68
488,54,48,0.3
1843,108,492,0.24
1734,104,506,0.3
2911,147,532,0.79
3219,159,374,0.83
146,39,475,0.32
5630,261,529,0.2
1986,113,305,0.17
1369,89,201,0.11
2811,143,502,0.39
659,63,345,0.1
1794,106,96,0.21
2511,132,89,0.86
3397,165,519,0.37
4282,204,201,0.25
1147,81,64,0.36
3272,161,544,0.1
608,61,542,0.24
3582,173,577,0.27
1930,111,333,0.18
197,43,362,0.12
2931,147,329,0.37
2327,126,192,0.37
4389,208,320,0.32
766,67,66,0.21
4496,213,554,0.23
4218,201,164,0.39
3255,160,510,0.3
202,43,469,0.27
3510,170,473,0.27
4931,233,378,0.34
5535,257,402,0.35
1733,104,479,0.38
5791,267,476,0.23
2777,142,440,0.31
1707,103,208,0.37
5172,243,333,0.31
5249,247,364,0.13
5757,266,406,0.3
3474,169,398,0.26
854,70,154,0.8
5685,263,156,0.25
4737,225,511,0.76
4097,195,169,0.26
2160,119,71,0.84
698,65,76,0.11
5961,278,186,0.12
2999,150,494,0.29
3696,177,491,0.37
1636,100,238,0.15
3457,168,233,0.35
3581,173,567,0.15
1291,86,517,0.14
4659,221,399,0.18
5616,261,241,0.4
1853,109,35,0.26
5232,246,355,0.39
3763,180,337,0.82
3304,162,328,0.21
5921,274,67,0.26
5727,264,211,0.14
3743,179,421,0.27
3445,167,37,0.37
1998,113,100,0.87
663,64,483,0.28
4779,226,486,0.12
5353,250,169,0.3
3748,179,247,0.23
4413,209,501,0.16
4744,225,138,0.15
5530,257,476,0.38
5575,259,436,0.14
709,65,237,0.29
1282,86,92,0.28
5068,237,580,0.22
2675,139,333,0.22
4029,192,370,0.37
1306,86,94,0.14
5496,256,286,0.4
5504,256,124,0.38
2237,122,424,0.18
3302,162,321,0.3
5592,260,174,0.36
2038,115,490,0.16
1529,96,502,0.29
1663,101,53,0.71
5450,254,315,0.12
5946,277,27,0.86
5968,279,342,0.19
3627,175,52,0.2
5739,265,576,0.4
5147,242,84,0.86
4891,231,235,0.3
2693,139,338,0.28
3060,152,509,0.25
1597,99,352,0.86
2729,141,564,0.12
2625,137,263,0.13
3157,156,77,0.6
3314,162,438,0.31
1722,104,189,0.4
5279,248,538,0.86
1059,78,161,0.11
4636,220,258,0.32
3242,160,282,0.62
1678,102,323,0.1
1757,105,333,0.34
4191,200,481,0.36
5116,239,318,0.1
563,58,207,0.37
2790,143,560,0.18
863,71,296,0.79
1484,95,347,0.22
5134,241,449,0.14
206,43,564,0.11
4488,212,114,0.19
870,71,470,0.2
4493,212,22,0.17
502,55,530,0.3
1028,77,564,0.13
3840,183,80,0.7
2690,139,380,0.62
5581,259,533,0.28
5056,237,511,0.83
1570,97,49,0.39
2773,142,262,0.3
2731,141,349,0.4
804,68,72,0.39
5847,269,25,0.36
3645,175,466,0.16
2454,131,111,0.68
4598,218,524,0.72
3104,154,161,0.36
4875,230,475,0.16
200,43,192,0.25
3099,153,108,0.24
2278,124,351,0.4
3561,172,86,0.7
5892,271,26,0.17
4474,212,281,0.27
4514,214,453,0.16
5794,267,164,0.27
391,50,552,0.26
5618,261,44,0.33
5258,247,494,0.16
1495,95,325,0.39
2695,139,96,0.64
2027,114,68,0.73
5248,247,338,0.17
5463,254,219,0.28
2568,134,536,0.21
64,31,250,0.13
3884,185,502,0.13
2062,116,444,0.33
5276,248,551,0.66
492,54,63,0.27
379,50,130,0.33
4859,230,188,0.11
3993,190,497,0.13
4887,231,389,0.31
1076,78,302,0.65
878,71,28,0.34
337,48,336,0.16
1016,76,311,0.85
1275,85,56,0.64
3798,181,279,0.4
4551,215,73,0.73
3342,163,251,0.11
4911,232,509,0.82
995,76,198,0.36
1981,113,532,0.68
4297,204,287,0.1
161,40,468,0.19
5675,262,168,0.21
4798,227,257,0.28
1500,95,184,0.38
3843,183,387,0.29
5225,246,521,0.61
2613,137,76,0.87
3461,168,404,0.27
1021,77,286,0.74
3073,153,91,0.73
3943,188,543,0.33
1585,98,161,0.1
1955,112,314,0.21
3152,155,83,0.81
34,28,351,0.37
4014,191,384,0.31
775,67,91,0.27
2556,134,496,0.2
1478,94,114,0.74
5486,256,89,0.74
1363,89,559,0.2
2612,137,174,0.29
2824,144,357,0.32
2041,115,393,0.86
241,44,237,0.1
2061,116,237,0.14
2363,127,487,0.38
600,60,36,0.66
2435,130,336,0.29
5393,252,535,0.65
2888,146,306,0.12
646,63,187,0.34
3890,185,137,0.34
3556,172,408,0.19
3202,158,200,0.1
1528,96,522,0.3
1267,85,470,0.19
1899,110,162,0.32
4658,221,490,0.25
3005,150,104,0.34
2734,141,349,0.17
189,42,328,0.16
1806,107,356,0.15
975,75,314,0.9
2747,141,506,0.2
2047,116,281,0.82
2558,134,421,0.23
1082,78,327,0.32
474,54,562,0.28
2904,146,486,0.27
4843,229,381,0.29
4117,197,570,0.27
3385,165,198,0.17
4555,215,201,0.33
1184,82,522,0.18
5051,236,274,0.21
5311,249,523,0.76
2433,130,567,0.38
5611,261,449,0.39
2391,128,361,0.16
769,67,128,0.3
1685,102,445,0.37
130,37,458,0.4
2919,147,238,0.16
3171,156,411,0.26
3444,167,27,0.37
5578,259,75,0.9
4426,210,544,0.29
5334,250,544,0.85
466,53,47,0.25
5734,265,80,0.88
3092,153,543,0.16
3772,180,458,0.26
5191,244,338,0.23
5226,246,518,0.61
5390,251,550,0.34
860,70,380,0.19
